,#,Name,Variation,Type1,Type2,Total,HP,Attack,Defense,Sp. Atk,Sp. Def,Speed,Name_Variation
0,1,Bulbasaur,,Grass,Poison,318,45,49,49,65,65,45,Bulbasaur 
1,2,Ivysaur,,Grass,Poison,405,60,62,63,80,80,60,Ivysaur 
2,3,Venusaur,,Grass,Poison,525,80,82,83,100,100,80,Venusaur 
3,3,Venusaur,Mega Venusaur,Grass,Poison,625,80,100,123,122,120,80,Venusaur Mega Venusaur
4,4,Charmander,,Fire,,309,39,52,43,60,50,65,Charmander 
5,5,Charmeleon,,Fire,,405,58,64,58,80,65,80,Charmeleon 
6,6,Charizard,,Fire,Flying,534,78,84,78,109,85,100,Charizard 
7,6,Charizard,Mega Charizard X,Fire,Dragon,634,78,130,111,130,85,100,Charizard Mega Charizard X
8,6,Charizard,Mega Charizard Y,Fire,Flying,634,78,104,78,159,115,100,Charizard Mega Charizard Y
9,7,Squirtle,,Water,,314,44,48,65,50,64,43,Squirtle 
10,8,Wartortle,,Water,,405,59,63,80,65,80,58,Wartortle 
11,9,Blastoise,,Water,,530,79,83,100,85,105,78,Blastoise 
12,9,Blastoise,Mega Blastoise,Water,,630,79,103,120,135,115,78,Blastoise Mega Blastoise
13,10,Caterpie,,Bug,,195,45,30,35,20,20,45,Caterpie 
14,11,Metapod,,Bug,,205,50,20,55,25,25,30,Metapod 
15,12,Butterfree,,Bug,Flying,395,60,45,50,90,80,70,Butterfree 
16,13,Weedle,,Bug,Poison,195,40,35,30,20,20,50,Weedle 
17,14,Kakuna,,Bug,Poison,205,45,25,50,25,25,35,Kakuna 
18,15,Beedrill,,Bug,Poison,395,65,90,40,45,80,75,Beedrill 
19,15,Beedrill,Mega Beedrill,Bug,Poison,495,65,150,40,15,80,145,Beedrill Mega Beedrill
20,16,Pidgey,,Normal,Flying,251,40,45,40,35,35,56,Pidgey 
21,17,Pidgeotto,,Normal,Flying,349,63,60,55,50,50,71,Pidgeotto 
22,18,Pidgeot,,Normal,Flying,479,83,80,75,70,70,101,Pidgeot 
23,18,Pidgeot,Mega Pidgeot,Normal,Flying,579,83,80,80,135,80,121,Pidgeot Mega Pidgeot
24,19,Rattata,,Normal,,253,30,56,35,25,35,72,Rattata 
25,19,Rattata,Alolan Rattata,Dark,Normal,253,30,56,35,25,35,72,Rattata Alolan Rattata
26,20,Raticate,,Normal,,413,55,81,60,50,70,97,Raticate 
27,20,Raticate,Alolan Raticate,Dark,Normal,413,75,71,70,40,80,77,Raticate Alolan Raticate
28,21,Spearow,,Normal,Flying,262,40,60,30,31,31,70,Spearow 
29,22,Fearow,,Normal,Flying,442,65,90,65,61,61,100,Fearow 
30,23,Ekans,,Poison,,288,35,60,44,40,54,55,Ekans 
31,24,Arbok,,Poison,,448,60,95,69,65,79,80,Arbok 
32,25,Pikachu,,Electric,,320,35,55,40,50,50,90,Pikachu 
33,25,Pikachu,Partner Pikachu,Electric,,430,45,80,50,75,60,120,Pikachu Partner Pikachu
34,26,Raichu,,Electric,,485,60,90,55,90,80,110,Raichu 
35,26,Raichu,Alolan Raichu,Electric,Psychic,485,60,85,50,95,85,110,Raichu Alolan Raichu
36,27,Sandshrew,,Ground,,300,50,75,85,20,30,40,Sandshrew 
37,27,Sandshrew,Alolan Sandshrew,Ice,Steel,300,50,75,90,10,35,40,Sandshrew Alolan Sandshrew
38,28,Sandslash,,Ground,,450,75,100,110,45,55,65,Sandslash 
39,28,Sandslash,Alolan Sandslash,Ice,Steel,450,75,100,120,25,65,65,Sandslash Alolan Sandslash
40,29,Nidoran♀,,Poison,,275,55,47,52,40,40,41,Nidoran♀ 
41,30,Nidorina,,Poison,,365,70,62,67,55,55,56,Nidorina 
42,31,Nidoqueen,,Poison,Ground,505,90,92,87,75,85,76,Nidoqueen 
43,32,Nidoran♂,,Poison,,273,46,57,40,40,40,50,Nidoran♂ 
44,33,Nidorino,,Poison,,365,61,72,57,55,55,65,Nidorino 
45,34,Nidoking,,Poison,Ground,505,81,102,77,85,75,85,Nidoking 
46,35,Clefairy,,Fairy,,323,70,45,48,60,65,35,Clefairy 
47,36,Clefable,,Fairy,,483,95,70,73,95,90,60,Clefable 
48,37,Vulpix,,Fire,,299,38,41,40,50,65,65,Vulpix 
49,37,Vulpix,Alolan Vulpix,Ice,,299,38,41,40,50,65,65,Vulpix Alolan Vulpix
50,38,Ninetales,,Fire,,505,73,76,75,81,100,100,Ninetales 
51,38,Ninetales,Alolan Ninetales,Ice,Fairy,505,73,67,75,81,100,109,Ninetales Alolan Ninetales
52,39,Jigglypuff,,Normal,Fairy,270,115,45,20,45,25,20,Jigglypuff 
53,40,Wigglytuff,,Normal,Fairy,435,140,70,45,85,50,45,Wigglytuff 
54,41,Zubat,,Poison,Flying,245,40,45,35,30,40,55,Zubat 
55,42,Golbat,,Poison,Flying,455,75,80,70,65,75,90,Golbat 
56,43,Oddish,,Grass,Poison,320,45,50,55,75,65,30,Oddish 
57,44,Gloom,,Grass,Poison,395,60,65,70,85,75,40,Gloom 
58,45,Vileplume,,Grass,Poison,490,75,80,85,110,90,50,Vileplume 
59,46,Paras,,Bug,Grass,285,35,70,55,45,55,25,Paras 
60,47,Parasect,,Bug,Grass,405,60,95,80,60,80,30,Parasect 
61,48,Venonat,,Bug,Poison,305,60,55,50,40,55,45,Venonat 
62,49,Venomoth,,Bug,Poison,450,70,65,60,90,75,90,Venomoth 
63,50,Diglett,,Ground,,265,10,55,25,35,45,95,Diglett 
64,50,Diglett,Alolan Diglett,Ground,Steel,265,10,55,30,35,45,90,Diglett Alolan Diglett
65,51,Dugtrio,,Ground,,425,35,100,50,50,70,120,Dugtrio 
66,51,Dugtrio,Alolan Dugtrio,Ground,Steel,425,35,100,60,50,70,110,Dugtrio Alolan Dugtrio
67,52,Meowth,,Normal,,290,40,45,35,40,40,90,Meowth 
68,52,Meowth,Alolan Meowth,Dark,,290,40,35,35,50,40,90,Meowth Alolan Meowth
69,52,Meowth,Galarian Meowth,Steel,,290,50,65,55,40,40,40,Meowth Galarian Meowth
70,53,Persian,,Normal,,440,65,70,60,65,65,115,Persian 
71,53,Persian,Alolan Persian,Dark,,440,65,60,60,75,65,115,Persian Alolan Persian
72,54,Psyduck,,Water,,320,50,52,48,65,50,55,Psyduck 
73,55,Golduck,,Water,,500,80,82,78,95,80,85,Golduck 
74,56,Mankey,,Fighting,,305,40,80,35,35,45,70,Mankey 
75,57,Primeape,,Fighting,,455,65,105,60,60,70,95,Primeape 
76,58,Growlithe,,Fire,,350,55,70,45,70,50,60,Growlithe 
77,58,Growlithe,Hisuian Growlithe,Fire,Rock,350,60,75,45,65,50,55,Growlithe Hisuian Growlithe
78,59,Arcanine,,Fire,,555,90,110,80,100,80,95,Arcanine 
79,59,Arcanine,Hisuian Arcanine,Fire,Rock,555,95,115,80,95,80,90,Arcanine Hisuian Arcanine
80,60,Poliwag,,Water,,300,40,50,40,40,40,90,Poliwag 
81,61,Poliwhirl,,Water,,385,65,65,65,50,50,90,Poliwhirl 
82,62,Poliwrath,,Water,Fighting,510,90,95,95,70,90,70,Poliwrath 
83,63,Abra,,Psychic,,310,25,20,15,105,55,90,Abra 
84,64,Kadabra,,Psychic,,400,40,35,30,120,70,105,Kadabra 
85,65,Alakazam,,Psychic,,500,55,50,45,135,95,120,Alakazam 
86,65,Alakazam,Mega Alakazam,Psychic,,600,55,50,65,175,105,150,Alakazam Mega Alakazam
87,66,Machop,,Fighting,,305,70,80,50,35,35,35,Machop 
88,67,Machoke,,Fighting,,405,80,100,70,50,60,45,Machoke 
89,68,Machamp,,Fighting,,505,90,130,80,65,85,55,Machamp 
90,69,Bellsprout,,Grass,Poison,300,50,75,35,70,30,40,Bellsprout 
91,70,Weepinbell,,Grass,Poison,390,65,90,50,85,45,55,Weepinbell 
92,71,Victreebel,,Grass,Poison,490,80,105,65,100,70,70,Victreebel 
93,72,Tentacool,,Water,Poison,335,40,40,35,50,100,70,Tentacool 
94,73,Tentacruel,,Water,Poison,515,80,70,65,80,120,100,Tentacruel 
95,74,Geodude,,Rock,Ground,300,40,80,100,30,30,20,Geodude 
96,74,Geodude,Alolan Geodude,Rock,Electric,300,40,80,100,30,30,20,Geodude Alolan Geodude
97,75,Graveler,,Rock,Ground,390,55,95,115,45,45,35,Graveler 
98,75,Graveler,Alolan Graveler,Rock,Electric,390,55,95,115,45,45,35,Graveler Alolan Graveler
99,76,Golem,,Rock,Ground,495,80,120,130,55,65,45,Golem 
100,76,Golem,Alolan Golem,Rock,Electric,495,80,120,130,55,65,45,Golem Alolan Golem
101,77,Ponyta,,Fire,,410,50,85,55,65,65,90,Ponyta 
102,77,Ponyta,Galarian Ponyta,Psychic,,410,50,85,55,65,65,90,Ponyta Galarian Ponyta
103,78,Rapidash,,Fire,,500,65,100,70,80,80,105,Rapidash 
104,78,Rapidash,Galarian Rapidash,Psychic,Fairy,500,65,100,70,80,80,105,Rapidash Galarian Rapidash
105,79,Slowpoke,,Water,Psychic,315,90,65,65,40,40,15,Slowpoke 
106,79,Slowpoke,Galarian Slowpoke,Psychic,,315,90,65,65,40,40,15,Slowpoke Galarian Slowpoke
107,80,Slowbro,,Water,Psychic,490,95,75,110,100,80,30,Slowbro 
108,80,Slowbro,Mega Slowbro,Water,Psychic,590,95,75,180,130,80,30,Slowbro Mega Slowbro
109,80,Slowbro,Galarian Slowbro,Poison,Psychic,490,95,100,95,100,70,30,Slowbro Galarian Slowbro
110,81,Magnemite,,Electric,Steel,325,25,35,70,95,55,45,Magnemite 
111,82,Magneton,,Electric,Steel,465,50,60,95,120,70,70,Magneton 
112,83,Farfetch'd,,Normal,Flying,377,52,90,55,58,62,60,Farfetch'd 
113,83,Farfetch'd,Galarian Farfetch'd,Fighting,,377,52,95,55,58,62,55,Farfetch'd Galarian Farfetch'd
114,84,Doduo,,Normal,Flying,310,35,85,45,35,35,75,Doduo 
115,85,Dodrio,,Normal,Flying,470,60,110,70,60,60,110,Dodrio 
116,86,Seel,,Water,,325,65,45,55,45,70,45,Seel 
117,87,Dewgong,,Water,Ice,475,90,70,80,70,95,70,Dewgong 
118,88,Grimer,,Poison,,325,80,80,50,40,50,25,Grimer 
119,88,Grimer,Alolan Grimer,Poison,Dark,325,80,80,50,40,50,25,Grimer Alolan Grimer
120,89,Muk,,Poison,,500,105,105,75,65,100,50,Muk 
121,89,Muk,Alolan Muk,Poison,Dark,500,105,105,75,65,100,50,Muk Alolan Muk
122,90,Shellder,,Water,,305,30,65,100,45,25,40,Shellder 
123,91,Cloyster,,Water,Ice,525,50,95,180,85,45,70,Cloyster 
124,92,Gastly,,Ghost,Poison,310,30,35,30,100,35,80,Gastly 
125,93,Haunter,,Ghost,Poison,405,45,50,45,115,55,95,Haunter 
126,94,Gengar,,Ghost,Poison,500,60,65,60,130,75,110,Gengar 
127,94,Gengar,Mega Gengar,Ghost,Poison,600,60,65,80,170,95,130,Gengar Mega Gengar
128,95,Onix,,Rock,Ground,385,35,45,160,30,45,70,Onix 
129,96,Drowzee,,Psychic,,328,60,48,45,43,90,42,Drowzee 
130,97,Hypno,,Psychic,,483,85,73,70,73,115,67,Hypno 
131,98,Krabby,,Water,,325,30,105,90,25,25,50,Krabby 
132,99,Kingler,,Water,,475,55,130,115,50,50,75,Kingler 
133,100,Voltorb,,Electric,,330,40,30,50,55,55,100,Voltorb 
134,100,Voltorb,Hisuian Voltorb,Electric,Grass,330,40,30,50,55,55,100,Voltorb Hisuian Voltorb
135,101,Electrode,,Electric,,490,60,50,70,80,80,150,Electrode 
136,101,Electrode,Hisuian Electrode,Electric,Grass,490,60,50,70,80,80,150,Electrode Hisuian Electrode
137,102,Exeggcute,,Grass,Psychic,325,60,40,80,60,45,40,Exeggcute 
138,103,Exeggutor,,Grass,Psychic,530,95,95,85,125,75,55,Exeggutor 
139,103,Exeggutor,Alolan Exeggutor,Grass,Dragon,530,95,105,85,125,75,45,Exeggutor Alolan Exeggutor
140,104,Cubone,,Ground,,320,50,50,95,40,50,35,Cubone 
141,105,Marowak,,Ground,,425,60,80,110,50,80,45,Marowak 
142,105,Marowak,Alolan Marowak,Fire,Ghost,425,60,80,110,50,80,45,Marowak Alolan Marowak
143,106,Hitmonlee,,Fighting,,455,50,120,53,35,110,87,Hitmonlee 
144,107,Hitmonchan,,Fighting,,455,50,105,79,35,110,76,Hitmonchan 
145,108,Lickitung,,Normal,,385,90,55,75,60,75,30,Lickitung 
146,109,Koffing,,Poison,,340,40,65,95,60,45,35,Koffing 
147,110,Weezing,,Poison,,490,65,90,120,85,70,60,Weezing 
148,110,Weezing,Galarian Weezing,Poison,Fairy,490,65,90,120,85,70,60,Weezing Galarian Weezing
149,111,Rhyhorn,,Ground,Rock,345,80,85,95,30,30,25,Rhyhorn 
150,112,Rhydon,,Ground,Rock,485,105,130,120,45,45,40,Rhydon 
151,113,Chansey,,Normal,,450,250,5,5,35,105,50,Chansey 
152,114,Tangela,,Grass,,435,65,55,115,100,40,60,Tangela 
153,115,Kangaskhan,,Normal,,490,105,95,80,40,80,90,Kangaskhan 
154,115,Kangaskhan,Mega Kangaskhan,Normal,,590,105,125,100,60,100,100,Kangaskhan Mega Kangaskhan
155,116,Horsea,,Water,,295,30,40,70,70,25,60,Horsea 
156,117,Seadra,,Water,,440,55,65,95,95,45,85,Seadra 
157,118,Goldeen,,Water,,320,45,67,60,35,50,63,Goldeen 
158,119,Seaking,,Water,,450,80,92,65,65,80,68,Seaking 
159,120,Staryu,,Water,,340,30,45,55,70,55,85,Staryu 
160,121,Starmie,,Water,Psychic,520,60,75,85,100,85,115,Starmie 
161,122,Mr. Mime,,Psychic,Fairy,460,40,45,65,100,120,90,Mr. Mime 
162,122,Mr. Mime,Galarian Mr. Mime,Ice,Psychic,460,50,65,65,90,90,100,Mr. Mime Galarian Mr. Mime
163,123,Scyther,,Bug,Flying,500,70,110,80,55,80,105,Scyther 
164,124,Jynx,,Ice,Psychic,455,65,50,35,115,95,95,Jynx 
165,125,Electabuzz,,Electric,,490,65,83,57,95,85,105,Electabuzz 
166,126,Magmar,,Fire,,495,65,95,57,100,85,93,Magmar 
167,127,Pinsir,,Bug,,500,65,125,100,55,70,85,Pinsir 
168,127,Pinsir,Mega Pinsir,Bug,Flying,600,65,155,120,65,90,105,Pinsir Mega Pinsir
169,128,Tauros,,Normal,,490,75,100,95,40,70,110,Tauros 
170,128,Tauros,Combat Breed,Fighting,,490,75,110,105,30,70,100,Tauros Combat Breed
171,128,Tauros,Blaze Breed,Fighting,Fire,490,75,110,105,30,70,100,Tauros Blaze Breed
172,128,Tauros,Aqua Breed,Fighting,Water,490,75,110,105,30,70,100,Tauros Aqua Breed
173,129,Magikarp,,Water,,200,20,10,55,15,20,80,Magikarp 
174,130,Gyarados,,Water,Flying,540,95,125,79,60,100,81,Gyarados 
175,130,Gyarados,Mega Gyarados,Water,Dark,640,95,155,109,70,130,81,Gyarados Mega Gyarados
176,131,Lapras,,Water,Ice,535,130,85,80,85,95,60,Lapras 
177,132,Ditto,,Normal,,288,48,48,48,48,48,48,Ditto 
178,133,Eevee,,Normal,,325,55,55,50,45,65,55,Eevee 
179,133,Eevee,Partner Eevee,Normal,,435,65,75,70,65,85,75,Eevee Partner Eevee
180,134,Vaporeon,,Water,,525,130,65,60,110,95,65,Vaporeon 
181,135,Jolteon,,Electric,,525,65,65,60,110,95,130,Jolteon 
182,136,Flareon,,Fire,,525,65,130,60,95,110,65,Flareon 
183,137,Porygon,,Normal,,395,65,60,70,85,75,40,Porygon 
184,138,Omanyte,,Rock,Water,355,35,40,100,90,55,35,Omanyte 
185,139,Omastar,,Rock,Water,495,70,60,125,115,70,55,Omastar 
186,140,Kabuto,,Rock,Water,355,30,80,90,55,45,55,Kabuto 
187,141,Kabutops,,Rock,Water,495,60,115,105,65,70,80,Kabutops 
188,142,Aerodactyl,,Rock,Flying,515,80,105,65,60,75,130,Aerodactyl 
189,142,Aerodactyl,Mega Aerodactyl,Rock,Flying,615,80,135,85,70,95,150,Aerodactyl Mega Aerodactyl
190,143,Snorlax,,Normal,,540,160,110,65,65,110,30,Snorlax 
191,144,Articuno,,Ice,Flying,580,90,85,100,95,125,85,Articuno 
192,144,Articuno,Galarian Articuno,Psychic,Flying,580,90,85,85,125,100,95,Articuno Galarian Articuno
193,145,Zapdos,,Electric,Flying,580,90,90,85,125,90,100,Zapdos 
194,145,Zapdos,Galarian Zapdos,Fighting,Flying,580,90,125,90,85,90,100,Zapdos Galarian Zapdos
195,146,Moltres,,Fire,Flying,580,90,100,90,125,85,90,Moltres 
196,146,Moltres,Galarian Moltres,Dark,Flying,580,90,85,90,100,125,90,Moltres Galarian Moltres
197,147,Dratini,,Dragon,,300,41,64,45,50,50,50,Dratini 
198,148,Dragonair,,Dragon,,420,61,84,65,70,70,70,Dragonair 
199,149,Dragonite,,Dragon,Flying,600,91,134,95,100,100,80,Dragonite 
200,150,Mewtwo,,Psychic,,680,106,110,90,154,90,130,Mewtwo 
201,150,Mewtwo,Mega Mewtwo X,Psychic,Fighting,780,106,190,100,154,100,130,Mewtwo Mega Mewtwo X
202,150,Mewtwo,Mega Mewtwo Y,Psychic,,780,106,150,70,194,120,140,Mewtwo Mega Mewtwo Y
203,151,Mew,,Psychic,,600,100,100,100,100,100,100,Mew 
204,152,Chikorita,,Grass,,318,45,49,65,49,65,45,Chikorita 
205,153,Bayleef,,Grass,,405,60,62,80,63,80,60,Bayleef 
206,154,Meganium,,Grass,,525,80,82,100,83,100,80,Meganium 
207,155,Cyndaquil,,Fire,,309,39,52,43,60,50,65,Cyndaquil 
208,156,Quilava,,Fire,,405,58,64,58,80,65,80,Quilava 
209,157,Typhlosion,,Fire,,534,78,84,78,109,85,100,Typhlosion 
210,157,Typhlosion,Hisuian Typhlosion,Fire,Ghost,534,73,84,78,119,85,95,Typhlosion Hisuian Typhlosion
211,158,Totodile,,Water,,314,50,65,64,44,48,43,Totodile 
212,159,Croconaw,,Water,,405,65,80,80,59,63,58,Croconaw 
213,160,Feraligatr,,Water,,530,85,105,100,79,83,78,Feraligatr 
214,161,Sentret,,Normal,,215,35,46,34,35,45,20,Sentret 
215,162,Furret,,Normal,,415,85,76,64,45,55,90,Furret 
216,163,Hoothoot,,Normal,Flying,262,60,30,30,36,56,50,Hoothoot 
217,164,Noctowl,,Normal,Flying,452,100,50,50,86,96,70,Noctowl 
218,165,Ledyba,,Bug,Flying,265,40,20,30,40,80,55,Ledyba 
219,166,Ledian,,Bug,Flying,390,55,35,50,55,110,85,Ledian 
220,167,Spinarak,,Bug,Poison,250,40,60,40,40,40,30,Spinarak 
221,168,Ariados,,Bug,Poison,400,70,90,70,60,70,40,Ariados 
222,169,Crobat,,Poison,Flying,535,85,90,80,70,80,130,Crobat 
223,170,Chinchou,,Water,Electric,330,75,38,38,56,56,67,Chinchou 
224,171,Lanturn,,Water,Electric,460,125,58,58,76,76,67,Lanturn 
225,172,Pichu,,Electric,,205,20,40,15,35,35,60,Pichu 
226,173,Cleffa,,Fairy,,218,50,25,28,45,55,15,Cleffa 
227,174,Igglybuff,,Normal,Fairy,210,90,30,15,40,20,15,Igglybuff 
228,175,Togepi,,Fairy,,245,35,20,65,40,65,20,Togepi 
229,176,Togetic,,Fairy,Flying,405,55,40,85,80,105,40,Togetic 
230,177,Natu,,Psychic,Flying,320,40,50,45,70,45,70,Natu 
231,178,Xatu,,Psychic,Flying,470,65,75,70,95,70,95,Xatu 
232,179,Mareep,,Electric,,280,55,40,40,65,45,35,Mareep 
233,180,Flaaffy,,Electric,,365,70,55,55,80,60,45,Flaaffy 
234,181,Ampharos,,Electric,,510,90,75,85,115,90,55,Ampharos 
235,181,Ampharos,Mega Ampharos,Electric,Dragon,610,90,95,105,165,110,45,Ampharos Mega Ampharos
236,182,Bellossom,,Grass,,490,75,80,95,90,100,50,Bellossom 
237,183,Marill,,Water,Fairy,250,70,20,50,20,50,40,Marill 
238,184,Azumarill,,Water,Fairy,420,100,50,80,60,80,50,Azumarill 
239,185,Sudowoodo,,Rock,,410,70,100,115,30,65,30,Sudowoodo 
240,186,Politoed,,Water,,500,90,75,75,90,100,70,Politoed 
241,187,Hoppip,,Grass,Flying,250,35,35,40,35,55,50,Hoppip 
242,188,Skiploom,,Grass,Flying,340,55,45,50,45,65,80,Skiploom 
243,189,Jumpluff,,Grass,Flying,460,75,55,70,55,95,110,Jumpluff 
244,190,Aipom,,Normal,,360,55,70,55,40,55,85,Aipom 
245,191,Sunkern,,Grass,,180,30,30,30,30,30,30,Sunkern 
246,192,Sunflora,,Grass,,425,75,75,55,105,85,30,Sunflora 
247,193,Yanma,,Bug,Flying,390,65,65,45,75,45,95,Yanma 
248,194,Wooper,,Water,Ground,210,55,45,45,25,25,15,Wooper 
249,194,Wooper,Paldean Wooper,Poison,Ground,210,55,45,45,25,25,15,Wooper Paldean Wooper
250,195,Quagsire,,Water,Ground,430,95,85,85,65,65,35,Quagsire 
251,196,Espeon,,Psychic,,525,65,65,60,130,95,110,Espeon 
252,197,Umbreon,,Dark,,525,95,65,110,60,130,65,Umbreon 
253,198,Murkrow,,Dark,Flying,405,60,85,42,85,42,91,Murkrow 
254,199,Slowking,,Water,Psychic,490,95,75,80,100,110,30,Slowking 
255,199,Slowking,Galarian Slowking,Poison,Psychic,490,95,65,80,110,110,30,Slowking Galarian Slowking
256,200,Misdreavus,,Ghost,,435,60,60,60,85,85,85,Misdreavus 
257,201,Unown,,Psychic,,336,48,72,48,72,48,48,Unown 
258,202,Wobbuffet,,Psychic,,405,190,33,58,33,58,33,Wobbuffet 
259,203,Girafarig,,Normal,Psychic,455,70,80,65,90,65,85,Girafarig 
260,204,Pineco,,Bug,,290,50,65,90,35,35,15,Pineco 
261,205,Forretress,,Bug,Steel,465,75,90,140,60,60,40,Forretress 
262,206,Dunsparce,,Normal,,415,100,70,70,65,65,45,Dunsparce 
263,207,Gligar,,Ground,Flying,430,65,75,105,35,65,85,Gligar 
264,208,Steelix,,Steel,Ground,510,75,85,200,55,65,30,Steelix 
265,208,Steelix,Mega Steelix,Steel,Ground,610,75,125,230,55,95,30,Steelix Mega Steelix
266,209,Snubbull,,Fairy,,300,60,80,50,40,40,30,Snubbull 
267,210,Granbull,,Fairy,,450,90,120,75,60,60,45,Granbull 
268,211,Qwilfish,,Water,Poison,440,65,95,85,55,55,85,Qwilfish 
269,211,Qwilfish,Hisuian Qwilfish,Dark,Poison,440,65,95,85,55,55,85,Qwilfish Hisuian Qwilfish
270,212,Scizor,,Bug,Steel,500,70,130,100,55,80,65,Scizor 
271,212,Scizor,Mega Scizor,Bug,Steel,600,70,150,140,65,100,75,Scizor Mega Scizor
272,213,Shuckle,,Bug,Rock,505,20,10,230,10,230,5,Shuckle 
273,214,Heracross,,Bug,Fighting,500,80,125,75,40,95,85,Heracross 
274,214,Heracross,Mega Heracross,Bug,Fighting,600,80,185,115,40,105,75,Heracross Mega Heracross
275,215,Sneasel,,Dark,Ice,430,55,95,55,35,75,115,Sneasel 
276,215,Sneasel,Hisuian Sneasel,Fighting,Poison,430,55,95,55,35,75,115,Sneasel Hisuian Sneasel
277,216,Teddiursa,,Normal,,330,60,80,50,50,50,40,Teddiursa 
278,217,Ursaring,,Normal,,500,90,130,75,75,75,55,Ursaring 
279,218,Slugma,,Fire,,250,40,40,40,70,40,20,Slugma 
280,219,Magcargo,,Fire,Rock,430,60,50,120,90,80,30,Magcargo 
281,220,Swinub,,Ice,Ground,250,50,50,40,30,30,50,Swinub 
282,221,Piloswine,,Ice,Ground,450,100,100,80,60,60,50,Piloswine 
283,222,Corsola,,Water,Rock,410,65,55,95,65,95,35,Corsola 
284,222,Corsola,Galarian Corsola,Ghost,,410,60,55,100,65,100,30,Corsola Galarian Corsola
285,223,Remoraid,,Water,,300,35,65,35,65,35,65,Remoraid 
286,224,Octillery,,Water,,480,75,105,75,105,75,45,Octillery 
287,225,Delibird,,Ice,Flying,330,45,55,45,65,45,75,Delibird 
288,226,Mantine,,Water,Flying,485,85,40,70,80,140,70,Mantine 
289,227,Skarmory,,Steel,Flying,465,65,80,140,40,70,70,Skarmory 
290,228,Houndour,,Dark,Fire,330,45,60,30,80,50,65,Houndour 
291,229,Houndoom,,Dark,Fire,500,75,90,50,110,80,95,Houndoom 
292,229,Houndoom,Mega Houndoom,Dark,Fire,600,75,90,90,140,90,115,Houndoom Mega Houndoom
293,230,Kingdra,,Water,Dragon,540,75,95,95,95,95,85,Kingdra 
294,231,Phanpy,,Ground,,330,90,60,60,40,40,40,Phanpy 
295,232,Donphan,,Ground,,500,90,120,120,60,60,50,Donphan 
296,233,Porygon2,,Normal,,515,85,80,90,105,95,60,Porygon2 
297,234,Stantler,,Normal,,465,73,95,62,85,65,85,Stantler 
298,235,Smeargle,,Normal,,250,55,20,35,20,45,75,Smeargle 
299,236,Tyrogue,,Fighting,,210,35,35,35,35,35,35,Tyrogue 
300,237,Hitmontop,,Fighting,,455,50,95,95,35,110,70,Hitmontop 
301,238,Smoochum,,Ice,Psychic,305,45,30,15,85,65,65,Smoochum 
302,239,Elekid,,Electric,,360,45,63,37,65,55,95,Elekid 
303,240,Magby,,Fire,,365,45,75,37,70,55,83,Magby 
304,241,Miltank,,Normal,,490,95,80,105,40,70,100,Miltank 
305,242,Blissey,,Normal,,540,255,10,10,75,135,55,Blissey 
306,243,Raikou,,Electric,,580,90,85,75,115,100,115,Raikou 
307,244,Entei,,Fire,,580,115,115,85,90,75,100,Entei 
308,245,Suicune,,Water,,580,100,75,115,90,115,85,Suicune 
309,246,Larvitar,,Rock,Ground,300,50,64,50,45,50,41,Larvitar 
310,247,Pupitar,,Rock,Ground,410,70,84,70,65,70,51,Pupitar 
311,248,Tyranitar,,Rock,Dark,600,100,134,110,95,100,61,Tyranitar 
312,248,Tyranitar,Mega Tyranitar,Rock,Dark,700,100,164,150,95,120,71,Tyranitar Mega Tyranitar
313,249,Lugia,,Psychic,Flying,680,106,90,130,90,154,110,Lugia 
314,250,Ho-oh,,Fire,Flying,680,106,130,90,110,154,90,Ho-oh 
315,251,Celebi,,Psychic,Grass,600,100,100,100,100,100,100,Celebi 
316,252,Treecko,,Grass,,310,40,45,35,65,55,70,Treecko 
317,253,Grovyle,,Grass,,405,50,65,45,85,65,95,Grovyle 
318,254,Sceptile,,Grass,,530,70,85,65,105,85,120,Sceptile 
319,254,Sceptile,Mega Sceptile,Grass,Dragon,630,70,110,75,145,85,145,Sceptile Mega Sceptile
320,255,Torchic,,Fire,,310,45,60,40,70,50,45,Torchic 
321,256,Combusken,,Fire,Fighting,405,60,85,60,85,60,55,Combusken 
322,257,Blaziken,,Fire,Fighting,530,80,120,70,110,70,80,Blaziken 
323,257,Blaziken,Mega Blaziken,Fire,Fighting,630,80,160,80,130,80,100,Blaziken Mega Blaziken
324,258,Mudkip,,Water,,310,50,70,50,50,50,40,Mudkip 
325,259,Marshtomp,,Water,Ground,405,70,85,70,60,70,50,Marshtomp 
326,260,Swampert,,Water,Ground,535,100,110,90,85,90,60,Swampert 
327,260,Swampert,Mega Swampert,Water,Ground,635,100,150,110,95,110,70,Swampert Mega Swampert
328,261,Poochyena,,Dark,,220,35,55,35,30,30,35,Poochyena 
329,262,Mightyena,,Dark,,420,70,90,70,60,60,70,Mightyena 
330,263,Zigzagoon,,Normal,,240,38,30,41,30,41,60,Zigzagoon 
331,263,Zigzagoon,Galarian Zigzagoon,Dark,Normal,240,38,30,41,30,41,60,Zigzagoon Galarian Zigzagoon
332,264,Linoone,,Normal,,420,78,70,61,50,61,100,Linoone 
333,264,Linoone,Galarian Linoone,Dark,Normal,420,78,70,61,50,61,100,Linoone Galarian Linoone
334,265,Wurmple,,Bug,,195,45,45,35,20,30,20,Wurmple 
335,266,Silcoon,,Bug,,205,50,35,55,25,25,15,Silcoon 
336,267,Beautifly,,Bug,Flying,395,60,70,50,100,50,65,Beautifly 
337,268,Cascoon,,Bug,,205,50,35,55,25,25,15,Cascoon 
338,269,Dustox,,Bug,Poison,385,60,50,70,50,90,65,Dustox 
339,270,Lotad,,Water,Grass,220,40,30,30,40,50,30,Lotad 
340,271,Lombre,,Water,Grass,340,60,50,50,60,70,50,Lombre 
341,272,Ludicolo,,Water,Grass,480,80,70,70,90,100,70,Ludicolo 
342,273,Seedot,,Grass,,220,40,40,50,30,30,30,Seedot 
343,274,Nuzleaf,,Grass,Dark,340,70,70,40,60,40,60,Nuzleaf 
344,275,Shiftry,,Grass,Dark,480,90,100,60,90,60,80,Shiftry 
345,276,Taillow,,Normal,Flying,270,40,55,30,30,30,85,Taillow 
346,277,Swellow,,Normal,Flying,455,60,85,60,75,50,125,Swellow 
347,278,Wingull,,Water,Flying,270,40,30,30,55,30,85,Wingull 
348,279,Pelipper,,Water,Flying,440,60,50,100,95,70,65,Pelipper 
349,280,Ralts,,Psychic,Fairy,198,28,25,25,45,35,40,Ralts 
350,281,Kirlia,,Psychic,Fairy,278,38,35,35,65,55,50,Kirlia 
351,282,Gardevoir,,Psychic,Fairy,518,68,65,65,125,115,80,Gardevoir 
352,282,Gardevoir,Mega Gardevoir,Psychic,Fairy,618,68,85,65,165,135,100,Gardevoir Mega Gardevoir
353,283,Surskit,,Bug,Water,269,40,30,32,50,52,65,Surskit 
354,284,Masquerain,,Bug,Flying,454,70,60,62,100,82,80,Masquerain 
355,285,Shroomish,,Grass,,295,60,40,60,40,60,35,Shroomish 
356,286,Breloom,,Grass,Fighting,460,60,130,80,60,60,70,Breloom 
357,287,Slakoth,,Normal,,280,60,60,60,35,35,30,Slakoth 
358,288,Vigoroth,,Normal,,440,80,80,80,55,55,90,Vigoroth 
359,289,Slaking,,Normal,,670,150,160,100,95,65,100,Slaking 
360,290,Nincada,,Bug,Ground,266,31,45,90,30,30,40,Nincada 
361,291,Ninjask,,Bug,Flying,456,61,90,45,50,50,160,Ninjask 
362,292,Shedinja,,Bug,Ghost,236,1,90,45,30,30,40,Shedinja 
363,293,Whismur,,Normal,,240,64,51,23,51,23,28,Whismur 
364,294,Loudred,,Normal,,360,84,71,43,71,43,48,Loudred 
365,295,Exploud,,Normal,,490,104,91,63,91,73,68,Exploud 
366,296,Makuhita,,Fighting,,237,72,60,30,20,30,25,Makuhita 
367,297,Hariyama,,Fighting,,474,144,120,60,40,60,50,Hariyama 
368,298,Azurill,,Normal,Fairy,190,50,20,40,20,40,20,Azurill 
369,299,Nosepass,,Rock,,375,30,45,135,45,90,30,Nosepass 
370,300,Skitty,,Normal,,260,50,45,45,35,35,50,Skitty 
371,301,Delcatty,,Normal,,400,70,65,65,55,55,90,Delcatty 
372,302,Sableye,,Dark,Ghost,380,50,75,75,65,65,50,Sableye 
373,302,Sableye,Mega Sableye,Dark,Ghost,480,50,85,125,85,115,20,Sableye Mega Sableye
374,303,Mawile,,Steel,Fairy,380,50,85,85,55,55,50,Mawile 
375,303,Mawile,Mega Mawile,Steel,Fairy,480,50,105,125,55,95,50,Mawile Mega Mawile
376,304,Aron,,Steel,Rock,330,50,70,100,40,40,30,Aron 
377,305,Lairon,,Steel,Rock,430,60,90,140,50,50,40,Lairon 
378,306,Aggron,,Steel,Rock,530,70,110,180,60,60,50,Aggron 
379,306,Aggron,Mega Aggron,Steel,,630,70,140,230,60,80,50,Aggron Mega Aggron
380,307,Meditite,,Fighting,Psychic,280,30,40,55,40,55,60,Meditite 
381,308,Medicham,,Fighting,Psychic,410,60,60,75,60,75,80,Medicham 
382,308,Medicham,Mega Medicham,Fighting,Psychic,510,60,100,85,80,85,100,Medicham Mega Medicham
383,309,Electrike,,Electric,,295,40,45,40,65,40,65,Electrike 
384,310,Manectric,,Electric,,475,70,75,60,105,60,105,Manectric 
385,310,Manectric,Mega Manectric,Electric,,575,70,75,80,135,80,135,Manectric Mega Manectric
386,311,Plusle,,Electric,,405,60,50,40,85,75,95,Plusle 
387,312,Minun,,Electric,,405,60,40,50,75,85,95,Minun 
388,313,Volbeat,,Bug,,430,65,73,75,47,85,85,Volbeat 
389,314,Illumise,,Bug,,430,65,47,75,73,85,85,Illumise 
390,315,Roselia,,Grass,Poison,400,50,60,45,100,80,65,Roselia 
391,316,Gulpin,,Poison,,302,70,43,53,43,53,40,Gulpin 
392,317,Swalot,,Poison,,467,100,73,83,73,83,55,Swalot 
393,318,Carvanha,,Water,Dark,305,45,90,20,65,20,65,Carvanha 
394,319,Sharpedo,,Water,Dark,460,70,120,40,95,40,95,Sharpedo 
395,319,Sharpedo,Mega Sharpedo,Water,Dark,560,70,140,70,110,65,105,Sharpedo Mega Sharpedo
396,320,Wailmer,,Water,,400,130,70,35,70,35,60,Wailmer 
397,321,Wailord,,Water,,500,170,90,45,90,45,60,Wailord 
398,322,Numel,,Fire,Ground,305,60,60,40,65,45,35,Numel 
399,323,Camerupt,,Fire,Ground,460,70,100,70,105,75,40,Camerupt 
400,323,Camerupt,Mega Camerupt,Fire,Ground,560,70,120,100,145,105,20,Camerupt Mega Camerupt
401,324,Torkoal,,Fire,,470,70,85,140,85,70,20,Torkoal 
402,325,Spoink,,Psychic,,330,60,25,35,70,80,60,Spoink 
403,326,Grumpig,,Psychic,,470,80,45,65,90,110,80,Grumpig 
404,327,Spinda,,Normal,,360,60,60,60,60,60,60,Spinda 
405,328,Trapinch,,Ground,,290,45,100,45,45,45,10,Trapinch 
406,329,Vibrava,,Ground,Dragon,340,50,70,50,50,50,70,Vibrava 
407,330,Flygon,,Ground,Dragon,520,80,100,80,80,80,100,Flygon 
408,331,Cacnea,,Grass,,335,50,85,40,85,40,35,Cacnea 
409,332,Cacturne,,Grass,Dark,475,70,115,60,115,60,55,Cacturne 
410,333,Swablu,,Normal,Flying,310,45,40,60,40,75,50,Swablu 
411,334,Altaria,,Dragon,Flying,490,75,70,90,70,105,80,Altaria 
412,334,Altaria,Mega Altaria,Dragon,Fairy,590,75,110,110,110,105,80,Altaria Mega Altaria
413,335,Zangoose,,Normal,,458,73,115,60,60,60,90,Zangoose 
414,336,Seviper,,Poison,,458,73,100,60,100,60,65,Seviper 
415,337,Lunatone,,Rock,Psychic,460,90,55,65,95,85,70,Lunatone 
416,338,Solrock,,Rock,Psychic,460,90,95,85,55,65,70,Solrock 
417,339,Barboach,,Water,Ground,288,50,48,43,46,41,60,Barboach 
418,340,Whiscash,,Water,Ground,468,110,78,73,76,71,60,Whiscash 
419,341,Corphish,,Water,,308,43,80,65,50,35,35,Corphish 
420,342,Crawdaunt,,Water,Dark,468,63,120,85,90,55,55,Crawdaunt 
421,343,Baltoy,,Ground,Psychic,300,40,40,55,40,70,55,Baltoy 
422,344,Claydol,,Ground,Psychic,500,60,70,105,70,120,75,Claydol 
423,345,Lileep,,Rock,Grass,355,66,41,77,61,87,23,Lileep 
424,346,Cradily,,Rock,Grass,495,86,81,97,81,107,43,Cradily 
425,347,Anorith,,Rock,Bug,355,45,95,50,40,50,75,Anorith 
426,348,Armaldo,,Rock,Bug,495,75,125,100,70,80,45,Armaldo 
427,349,Feebas,,Water,,200,20,15,20,10,55,80,Feebas 
428,350,Milotic,,Water,,540,95,60,79,100,125,81,Milotic 
429,351,Castform,,Normal,,420,70,70,70,70,70,70,Castform 
430,351,Castform,Sunny Form,Fire,,420,70,70,70,70,70,70,Castform Sunny Form
431,351,Castform,Rainy Form,Water,,420,70,70,70,70,70,70,Castform Rainy Form
432,351,Castform,Snowy Form,Ice,,420,70,70,70,70,70,70,Castform Snowy Form
433,352,Kecleon,,Normal,,440,60,90,70,60,120,40,Kecleon 
434,353,Shuppet,,Ghost,,295,44,75,35,63,33,45,Shuppet 
435,354,Banette,,Ghost,,455,64,115,65,83,63,65,Banette 
436,354,Banette,Mega Banette,Ghost,,555,64,165,75,93,83,75,Banette Mega Banette
437,355,Duskull,,Ghost,,295,20,40,90,30,90,25,Duskull 
438,356,Dusclops,,Ghost,,455,40,70,130,60,130,25,Dusclops 
439,357,Tropius,,Grass,Flying,460,99,68,83,72,87,51,Tropius 
440,358,Chimecho,,Psychic,,455,75,50,80,95,90,65,Chimecho 
441,359,Absol,,Dark,,465,65,130,60,75,60,75,Absol 
442,359,Absol,Mega Absol,Dark,,565,65,150,60,115,60,115,Absol Mega Absol
443,360,Wynaut,,Psychic,,260,95,23,48,23,48,23,Wynaut 
444,361,Snorunt,,Ice,,300,50,50,50,50,50,50,Snorunt 
445,362,Glalie,,Ice,,480,80,80,80,80,80,80,Glalie 
446,362,Glalie,Mega Glalie,Ice,,580,80,120,80,120,80,100,Glalie Mega Glalie
447,363,Spheal,,Ice,Water,290,70,40,50,55,50,25,Spheal 
448,364,Sealeo,,Ice,Water,410,90,60,70,75,70,45,Sealeo 
449,365,Walrein,,Ice,Water,530,110,80,90,95,90,65,Walrein 
450,366,Clamperl,,Water,,345,35,64,85,74,55,32,Clamperl 
451,367,Huntail,,Water,,485,55,104,105,94,75,52,Huntail 
452,368,Gorebyss,,Water,,485,55,84,105,114,75,52,Gorebyss 
453,369,Relicanth,,Water,Rock,485,100,90,130,45,65,55,Relicanth 
454,370,Luvdisc,,Water,,330,43,30,55,40,65,97,Luvdisc 
455,371,Bagon,,Dragon,,300,45,75,60,40,30,50,Bagon 
456,372,Shelgon,,Dragon,,420,65,95,100,60,50,50,Shelgon 
457,373,Salamence,,Dragon,Flying,600,95,135,80,110,80,100,Salamence 
458,373,Salamence,Mega Salamence,Dragon,Flying,700,95,145,130,120,90,120,Salamence Mega Salamence
459,374,Beldum,,Steel,Psychic,300,40,55,80,35,60,30,Beldum 
460,375,Metang,,Steel,Psychic,420,60,75,100,55,80,50,Metang 
461,376,Metagross,,Steel,Psychic,600,80,135,130,95,90,70,Metagross 
462,376,Metagross,Mega Metagross,Steel,Psychic,700,80,145,150,105,110,110,Metagross Mega Metagross
463,377,Regirock,,Rock,,580,80,100,200,50,100,50,Regirock 
464,378,Regice,,Ice,,580,80,50,100,100,200,50,Regice 
465,379,Registeel,,Steel,,580,80,75,150,75,150,50,Registeel 
466,380,Latias,,Dragon,Psychic,600,80,80,90,110,130,110,Latias 
467,380,Latias,Mega Latias,Dragon,Psychic,700,80,100,120,140,150,110,Latias Mega Latias
468,381,Latios,,Dragon,Psychic,600,80,90,80,130,110,110,Latios 
469,381,Latios,Mega Latios,Dragon,Psychic,700,80,130,100,160,120,110,Latios Mega Latios
470,382,Kyogre,,Water,,670,100,100,90,150,140,90,Kyogre 
471,382,Kyogre,Primal Kyogre,Water,,770,100,150,90,180,160,90,Kyogre Primal Kyogre
472,383,Groudon,,Ground,,670,100,150,140,100,90,90,Groudon 
473,383,Groudon,Primal Groudon,Ground,Fire,770,100,180,160,150,90,90,Groudon Primal Groudon
474,384,Rayquaza,,Dragon,Flying,680,105,150,90,150,90,95,Rayquaza 
475,384,Rayquaza,Mega Rayquaza,Dragon,Flying,780,105,180,100,180,100,115,Rayquaza Mega Rayquaza
476,385,Jirachi,,Steel,Psychic,600,100,100,100,100,100,100,Jirachi 
477,386,Deoxys,Normal Forme,Psychic,,600,50,150,50,150,50,150,Deoxys Normal Forme
478,386,Deoxys,Attack Forme,Psychic,,600,50,180,20,180,20,150,Deoxys Attack Forme
479,386,Deoxys,Defense Forme,Psychic,,600,50,70,160,70,160,90,Deoxys Defense Forme
480,386,Deoxys,Speed Forme,Psychic,,600,50,95,90,95,90,180,Deoxys Speed Forme
481,387,Turtwig,,Grass,,318,55,68,64,45,55,31,Turtwig 
482,388,Grotle,,Grass,,405,75,89,85,55,65,36,Grotle 
483,389,Torterra,,Grass,Ground,525,95,109,105,75,85,56,Torterra 
484,390,Chimchar,,Fire,,309,44,58,44,58,44,61,Chimchar 
485,391,Monferno,,Fire,Fighting,405,64,78,52,78,52,81,Monferno 
486,392,Infernape,,Fire,Fighting,534,76,104,71,104,71,108,Infernape 
487,393,Piplup,,Water,,314,53,51,53,61,56,40,Piplup 
488,394,Prinplup,,Water,,405,64,66,68,81,76,50,Prinplup 
489,395,Empoleon,,Water,Steel,530,84,86,88,111,101,60,Empoleon 
490,396,Starly,,Normal,Flying,245,40,55,30,30,30,60,Starly 
491,397,Staravia,,Normal,Flying,340,55,75,50,40,40,80,Staravia 
492,398,Staraptor,,Normal,Flying,485,85,120,70,50,60,100,Staraptor 
493,399,Bidoof,,Normal,,250,59,45,40,35,40,31,Bidoof 
494,400,Bibarel,,Normal,Water,410,79,85,60,55,60,71,Bibarel 
495,401,Kricketot,,Bug,,194,37,25,41,25,41,25,Kricketot 
496,402,Kricketune,,Bug,,384,77,85,51,55,51,65,Kricketune 
497,403,Shinx,,Electric,,263,45,65,34,40,34,45,Shinx 
498,404,Luxio,,Electric,,363,60,85,49,60,49,60,Luxio 
499,405,Luxray,,Electric,,523,80,120,79,95,79,70,Luxray 
500,406,Budew,,Grass,Poison,280,40,30,35,50,70,55,Budew 
501,407,Roserade,,Grass,Poison,515,60,70,65,125,105,90,Roserade 
502,408,Cranidos,,Rock,,350,67,125,40,30,30,58,Cranidos 
503,409,Rampardos,,Rock,,495,97,165,60,65,50,58,Rampardos 
504,410,Shieldon,,Rock,Steel,350,30,42,118,42,88,30,Shieldon 
505,411,Bastiodon,,Rock,Steel,495,60,52,168,47,138,30,Bastiodon 
506,412,Burmy,Plant Cloak,Bug,,224,40,29,45,29,45,36,Burmy Plant Cloak
507,412,Burmy,Sandy Cloak,Bug,,224,40,29,45,29,45,36,Burmy Sandy Cloak
508,412,Burmy,Trash Cloak,Bug,,224,40,29,45,29,45,36,Burmy Trash Cloak
509,413,Wormadam,Plant Cloak,Bug,Grass,424,60,59,85,79,105,36,Wormadam Plant Cloak
510,413,Wormadam,Sandy Cloak,Bug,Ground,424,60,79,105,59,85,36,Wormadam Sandy Cloak
511,413,Wormadam,Trash Cloak,Bug,Steel,424,60,69,95,69,95,36,Wormadam Trash Cloak
512,414,Mothim,,Bug,Flying,424,70,94,50,94,50,66,Mothim 
513,415,Combee,,Bug,Flying,244,30,30,42,30,42,70,Combee 
514,416,Vespiquen,,Bug,Flying,474,70,80,102,80,102,40,Vespiquen 
515,417,Pachirisu,,Electric,,405,60,45,70,45,90,95,Pachirisu 
516,418,Buizel,,Water,,330,55,65,35,60,30,85,Buizel 
517,419,Floatzel,,Water,,495,85,105,55,85,50,115,Floatzel 
518,420,Cherubi,,Grass,,275,45,35,45,62,53,35,Cherubi 
519,421,Cherrim,,Grass,,450,70,60,70,87,78,85,Cherrim 
520,422,Shellos,,Water,,325,76,48,48,57,62,34,Shellos 
521,423,Gastrodon,,Water,Ground,475,111,83,68,92,82,39,Gastrodon 
522,424,Ambipom,,Normal,,482,75,100,66,60,66,115,Ambipom 
523,425,Drifloon,,Ghost,Flying,348,90,50,34,60,44,70,Drifloon 
524,426,Drifblim,,Ghost,Flying,498,150,80,44,90,54,80,Drifblim 
525,427,Buneary,,Normal,,350,55,66,44,44,56,85,Buneary 
526,428,Lopunny,,Normal,,480,65,76,84,54,96,105,Lopunny 
527,428,Lopunny,Mega Lopunny,Normal,Fighting,580,65,136,94,54,96,135,Lopunny Mega Lopunny
528,429,Mismagius,,Ghost,,495,60,60,60,105,105,105,Mismagius 
529,430,Honchkrow,,Dark,Flying,505,100,125,52,105,52,71,Honchkrow 
530,431,Glameow,,Normal,,310,49,55,42,42,37,85,Glameow 
531,432,Purugly,,Normal,,452,71,82,64,64,59,112,Purugly 
532,433,Chingling,,Psychic,,285,45,30,50,65,50,45,Chingling 
533,434,Stunky,,Poison,Dark,329,63,63,47,41,41,74,Stunky 
534,435,Skuntank,,Poison,Dark,479,103,93,67,71,61,84,Skuntank 
535,436,Bronzor,,Steel,Psychic,300,57,24,86,24,86,23,Bronzor 
536,437,Bronzong,,Steel,Psychic,500,67,89,116,79,116,33,Bronzong 
537,438,Bonsly,,Rock,,290,50,80,95,10,45,10,Bonsly 
538,439,Mime Jr.,,Psychic,Fairy,310,20,25,45,70,90,60,Mime Jr. 
539,440,Happiny,,Normal,,220,100,5,5,15,65,30,Happiny 
540,441,Chatot,,Normal,Flying,411,76,65,45,92,42,91,Chatot 
541,442,Spiritomb,,Ghost,Dark,485,50,92,108,92,108,35,Spiritomb 
542,443,Gible,,Dragon,Ground,300,58,70,45,40,45,42,Gible 
543,444,Gabite,,Dragon,Ground,410,68,90,65,50,55,82,Gabite 
544,445,Garchomp,,Dragon,Ground,600,108,130,95,80,85,102,Garchomp 
545,445,Garchomp,Mega Garchomp,Dragon,Ground,700,108,170,115,120,95,92,Garchomp Mega Garchomp
546,446,Munchlax,,Normal,,390,135,85,40,40,85,5,Munchlax 
547,447,Riolu,,Fighting,,285,40,70,40,35,40,60,Riolu 
548,448,Lucario,,Fighting,Steel,525,70,110,70,115,70,90,Lucario 
549,448,Lucario,Mega Lucario,Fighting,Steel,625,70,145,88,140,70,112,Lucario Mega Lucario
550,449,Hippopotas,,Ground,,330,68,72,78,38,42,32,Hippopotas 
551,450,Hippowdon,,Ground,,525,108,112,118,68,72,47,Hippowdon 
552,451,Skorupi,,Poison,Bug,330,40,50,90,30,55,65,Skorupi 
553,452,Drapion,,Poison,Dark,500,70,90,110,60,75,95,Drapion 
554,453,Croagunk,,Poison,Fighting,300,48,61,40,61,40,50,Croagunk 
555,454,Toxicroak,,Poison,Fighting,490,83,106,65,86,65,85,Toxicroak 
556,455,Carnivine,,Grass,,454,74,100,72,90,72,46,Carnivine 
557,456,Finneon,,Water,,330,49,49,56,49,61,66,Finneon 
558,457,Lumineon,,Water,,460,69,69,76,69,86,91,Lumineon 
559,458,Mantyke,,Water,Flying,345,45,20,50,60,120,50,Mantyke 
560,459,Snover,,Grass,Ice,334,60,62,50,62,60,40,Snover 
561,460,Abomasnow,,Grass,Ice,494,90,92,75,92,85,60,Abomasnow 
562,460,Abomasnow,Mega Abomasnow,Grass,Ice,594,90,132,105,132,105,30,Abomasnow Mega Abomasnow
563,461,Weavile,,Dark,Ice,510,70,120,65,45,85,125,Weavile 
564,462,Magnezone,,Electric,Steel,535,70,70,115,130,90,60,Magnezone 
565,463,Lickilicky,,Normal,,515,110,85,95,80,95,50,Lickilicky 
566,464,Rhyperior,,Ground,Rock,535,115,140,130,55,55,40,Rhyperior 
567,465,Tangrowth,,Grass,,535,100,100,125,110,50,50,Tangrowth 
568,466,Electivire,,Electric,,540,75,123,67,95,85,95,Electivire 
569,467,Magmortar,,Fire,,540,75,95,67,125,95,83,Magmortar 
570,468,Togekiss,,Fairy,Flying,545,85,50,95,120,115,80,Togekiss 
571,469,Yanmega,,Bug,Flying,515,86,76,86,116,56,95,Yanmega 
572,470,Leafeon,,Grass,,525,65,110,130,60,65,95,Leafeon 
573,471,Glaceon,,Ice,,525,65,60,110,130,95,65,Glaceon 
574,472,Gliscor,,Ground,Flying,510,75,95,125,45,75,95,Gliscor 
575,473,Mamoswine,,Ice,Ground,530,110,130,80,70,60,80,Mamoswine 
576,474,Porygon-Z,,Normal,,535,85,80,70,135,75,90,Porygon-Z 
577,475,Gallade,,Psychic,Fighting,518,68,125,65,65,115,80,Gallade 
578,475,Gallade,Mega Gallade,Psychic,Fighting,618,68,165,95,65,115,110,Gallade Mega Gallade
579,476,Probopass,,Rock,Steel,525,60,55,145,75,150,40,Probopass 
580,477,Dusknoir,,Ghost,,525,45,100,135,65,135,45,Dusknoir 
581,478,Froslass,,Ice,Ghost,480,70,80,70,80,70,110,Froslass 
582,479,Rotom,,Electric,Ghost,440,50,50,77,95,77,91,Rotom 
583,479,Rotom,Heat Rotom,Electric,Fire,520,50,65,107,105,107,86,Rotom Heat Rotom
584,479,Rotom,Wash Rotom,Electric,Water,520,50,65,107,105,107,86,Rotom Wash Rotom
585,479,Rotom,Frost Rotom,Electric,Ice,520,50,65,107,105,107,86,Rotom Frost Rotom
586,479,Rotom,Fan Rotom,Electric,Flying,520,50,65,107,105,107,86,Rotom Fan Rotom
587,479,Rotom,Mow Rotom,Electric,Grass,520,50,65,107,105,107,86,Rotom Mow Rotom
588,480,Uxie,,Psychic,,580,75,75,130,75,130,95,Uxie 
589,481,Mesprit,,Psychic,,580,80,105,105,105,105,80,Mesprit 
590,482,Azelf,,Psychic,,580,75,125,70,125,70,115,Azelf 
591,483,Dialga,,Steel,Dragon,680,100,120,120,150,100,90,Dialga 
592,483,Dialga,Origin Forme,Steel,Dragon,680,100,100,120,150,120,90,Dialga Origin Forme
593,484,Palkia,,Water,Dragon,680,90,120,100,150,120,100,Palkia 
594,484,Palkia,Origin Forme,Water,Dragon,680,90,100,100,150,120,120,Palkia Origin Forme
595,485,Heatran,,Fire,Steel,600,91,90,106,130,106,77,Heatran 
596,486,Regigigas,,Normal,,670,110,160,110,80,110,100,Regigigas 
597,487,Giratina,Altered Forme,Ghost,Dragon,680,150,100,120,100,120,90,Giratina Altered Forme
598,487,Giratina,Origin Forme,Ghost,Dragon,680,150,120,100,120,100,90,Giratina Origin Forme
599,488,Cresselia,,Psychic,,580,120,70,110,75,120,85,Cresselia 
600,489,Phione,,Water,,480,80,80,80,80,80,80,Phione 
601,490,Manaphy,,Water,,600,100,100,100,100,100,100,Manaphy 
602,491,Darkrai,,Dark,,600,70,90,90,135,90,125,Darkrai 
603,492,Shaymin,Land Forme,Grass,,600,100,100,100,100,100,100,Shaymin Land Forme
604,492,Shaymin,Sky Forme,Grass,Flying,600,100,103,75,120,75,127,Shaymin Sky Forme
605,493,Arceus,,Normal,,720,120,120,120,120,120,120,Arceus 
606,494,Victini,,Psychic,Fire,600,100,100,100,100,100,100,Victini 
607,495,Snivy,,Grass,,308,45,45,55,45,55,63,Snivy 
608,496,Servine,,Grass,,413,60,60,75,60,75,83,Servine 
609,497,Serperior,,Grass,,528,75,75,95,75,95,113,Serperior 
610,498,Tepig,,Fire,,308,65,63,45,45,45,45,Tepig 
611,499,Pignite,,Fire,Fighting,418,90,93,55,70,55,55,Pignite 
612,500,Emboar,,Fire,Fighting,528,110,123,65,100,65,65,Emboar 
613,501,Oshawott,,Water,,308,55,55,45,63,45,45,Oshawott 
614,502,Dewott,,Water,,413,75,75,60,83,60,60,Dewott 
615,503,Samurott,,Water,,528,95,100,85,108,70,70,Samurott 
616,503,Samurott,Hisuian Samurott,Water,Dark,528,90,108,80,100,65,85,Samurott Hisuian Samurott
617,504,Patrat,,Normal,,255,45,55,39,35,39,42,Patrat 
618,505,Watchog,,Normal,,420,60,85,69,60,69,77,Watchog 
619,506,Lillipup,,Normal,,275,45,60,45,25,45,55,Lillipup 
620,507,Herdier,,Normal,,370,65,80,65,35,65,60,Herdier 
621,508,Stoutland,,Normal,,500,85,110,90,45,90,80,Stoutland 
622,509,Purrloin,,Dark,,281,41,50,37,50,37,66,Purrloin 
623,510,Liepard,,Dark,,446,64,88,50,88,50,106,Liepard 
624,511,Pansage,,Grass,,316,50,53,48,53,48,64,Pansage 
625,512,Simisage,,Grass,,498,75,98,63,98,63,101,Simisage 
626,513,Pansear,,Fire,,316,50,53,48,53,48,64,Pansear 
627,514,Simisear,,Fire,,498,75,98,63,98,63,101,Simisear 
628,515,Panpour,,Water,,316,50,53,48,53,48,64,Panpour 
629,516,Simipour,,Water,,498,75,98,63,98,63,101,Simipour 
630,517,Munna,,Psychic,,292,76,25,45,67,55,24,Munna 
631,518,Musharna,,Psychic,,487,116,55,85,107,95,29,Musharna 
632,519,Pidove,,Normal,Flying,264,50,55,50,36,30,43,Pidove 
633,520,Tranquill,,Normal,Flying,358,62,77,62,50,42,65,Tranquill 
634,521,Unfezant,,Normal,Flying,488,80,115,80,65,55,93,Unfezant 
635,522,Blitzle,,Electric,,295,45,60,32,50,32,76,Blitzle 
636,523,Zebstrika,,Electric,,497,75,100,63,80,63,116,Zebstrika 
637,524,Roggenrola,,Rock,,280,55,75,85,25,25,15,Roggenrola 
638,525,Boldore,,Rock,,390,70,105,105,50,40,20,Boldore 
639,526,Gigalith,,Rock,,515,85,135,130,60,80,25,Gigalith 
640,527,Woobat,,Psychic,Flying,323,65,45,43,55,43,72,Woobat 
641,528,Swoobat,,Psychic,Flying,425,67,57,55,77,55,114,Swoobat 
642,529,Drilbur,,Ground,,328,60,85,40,30,45,68,Drilbur 
643,530,Excadrill,,Ground,Steel,508,110,135,60,50,65,88,Excadrill 
644,531,Audino,,Normal,,445,103,60,86,60,86,50,Audino 
645,531,Audino,Mega Audino,Normal,Fairy,545,103,60,126,80,126,50,Audino Mega Audino
646,532,Timburr,,Fighting,,305,75,80,55,25,35,35,Timburr 
647,533,Gurdurr,,Fighting,,405,85,105,85,40,50,40,Gurdurr 
648,534,Conkeldurr,,Fighting,,505,105,140,95,55,65,45,Conkeldurr 
649,535,Tympole,,Water,,294,50,50,40,50,40,64,Tympole 
650,536,Palpitoad,,Water,Ground,384,75,65,55,65,55,69,Palpitoad 
651,537,Seismitoad,,Water,Ground,509,105,95,75,85,75,74,Seismitoad 
652,538,Throh,,Fighting,,465,120,100,85,30,85,45,Throh 
653,539,Sawk,,Fighting,,465,75,125,75,30,75,85,Sawk 
654,540,Sewaddle,,Bug,Grass,310,45,53,70,40,60,42,Sewaddle 
655,541,Swadloon,,Bug,Grass,380,55,63,90,50,80,42,Swadloon 
656,542,Leavanny,,Bug,Grass,500,75,103,80,70,80,92,Leavanny 
657,543,Venipede,,Bug,Poison,260,30,45,59,30,39,57,Venipede 
658,544,Whirlipede,,Bug,Poison,360,40,55,99,40,79,47,Whirlipede 
659,545,Scolipede,,Bug,Poison,485,60,100,89,55,69,112,Scolipede 
660,546,Cottonee,,Grass,Fairy,280,40,27,60,37,50,66,Cottonee 
661,547,Whimsicott,,Grass,Fairy,480,60,67,85,77,75,116,Whimsicott 
662,548,Petilil,,Grass,,280,45,35,50,70,50,30,Petilil 
663,549,Lilligant,,Grass,,480,70,60,75,110,75,90,Lilligant 
664,549,Lilligant,Hisuian Lilligant,Grass,Fighting,480,70,105,75,50,75,105,Lilligant Hisuian Lilligant
665,550,Basculin,Red-Striped Form,Water,,460,70,92,65,80,55,98,Basculin Red-Striped Form
666,550,Basculin,Blue-Striped Form,Water,,460,70,92,65,80,55,98,Basculin Blue-Striped Form
667,550,Basculin,White-Striped Form,Water,,460,70,92,65,80,55,98,Basculin White-Striped Form
668,551,Sandile,,Ground,Dark,292,50,72,35,35,35,65,Sandile 
669,552,Krokorok,,Ground,Dark,351,60,82,45,45,45,74,Krokorok 
670,553,Krookodile,,Ground,Dark,519,95,117,80,65,70,92,Krookodile 
671,554,Darumaka,,Fire,,315,70,90,45,15,45,50,Darumaka 
672,554,Darumaka,Galarian Darumaka,Ice,,315,70,90,45,15,45,50,Darumaka Galarian Darumaka
673,555,Darmanitan,Standard Mode,Fire,,480,105,140,55,30,55,95,Darmanitan Standard Mode
674,555,Darmanitan,Zen Mode,Fire,Psychic,540,105,30,105,140,105,55,Darmanitan Zen Mode
675,555,Darmanitan,Galarian Standard Mode,Ice,,480,105,140,55,30,55,95,Darmanitan Galarian Standard Mode
676,555,Darmanitan,Galarian Zen Mode,Ice,Fire,540,105,160,55,30,55,135,Darmanitan Galarian Zen Mode
677,556,Maractus,,Grass,,461,75,86,67,106,67,60,Maractus 
678,557,Dwebble,,Bug,Rock,325,50,65,85,35,35,55,Dwebble 
679,558,Crustle,,Bug,Rock,485,70,105,125,65,75,45,Crustle 
680,559,Scraggy,,Dark,Fighting,348,50,75,70,35,70,48,Scraggy 
681,560,Scrafty,,Dark,Fighting,488,65,90,115,45,115,58,Scrafty 
682,561,Sigilyph,,Psychic,Flying,490,72,58,80,103,80,97,Sigilyph 
683,562,Yamask,,Ghost,,303,38,30,85,55,65,30,Yamask 
684,562,Yamask,Galarian Yamask,Ground,Ghost,303,38,55,85,30,65,30,Yamask Galarian Yamask
685,563,Cofagrigus,,Ghost,,483,58,50,145,95,105,30,Cofagrigus 
686,564,Tirtouga,,Water,Rock,355,54,78,103,53,45,22,Tirtouga 
687,565,Carracosta,,Water,Rock,495,74,108,133,83,65,32,Carracosta 
688,566,Archen,,Rock,Flying,401,55,112,45,74,45,70,Archen 
689,567,Archeops,,Rock,Flying,567,75,140,65,112,65,110,Archeops 
690,568,Trubbish,,Poison,,329,50,50,62,40,62,65,Trubbish 
691,569,Garbodor,,Poison,,474,80,95,82,60,82,75,Garbodor 
692,570,Zorua,,Dark,,330,40,65,40,80,40,65,Zorua 
693,570,Zorua,Hisuian Zorua,Normal,Ghost,330,35,60,40,85,40,70,Zorua Hisuian Zorua
694,571,Zoroark,,Dark,,510,60,105,60,120,60,105,Zoroark 
695,571,Zoroark,Hisuian Zoroark,Normal,Ghost,510,60,105,60,120,60,105,Zoroark Hisuian Zoroark
696,572,Minccino,,Normal,,300,55,50,40,40,40,75,Minccino 
697,573,Cinccino,,Normal,,470,75,95,60,65,60,115,Cinccino 
698,574,Gothita,,Psychic,,290,45,30,50,55,65,45,Gothita 
699,575,Gothorita,,Psychic,,390,60,45,70,75,85,55,Gothorita 
700,576,Gothitelle,,Psychic,,490,70,55,95,95,110,65,Gothitelle 
701,577,Solosis,,Psychic,,290,45,30,40,105,50,20,Solosis 
702,578,Duosion,,Psychic,,370,65,40,50,125,60,30,Duosion 
703,579,Reuniclus,,Psychic,,490,110,65,75,125,85,30,Reuniclus 
704,580,Ducklett,,Water,Flying,305,62,44,50,44,50,55,Ducklett 
705,581,Swanna,,Water,Flying,473,75,87,63,87,63,98,Swanna 
706,582,Vanillite,,Ice,,305,36,50,50,65,60,44,Vanillite 
707,583,Vanillish,,Ice,,395,51,65,65,80,75,59,Vanillish 
708,584,Vanilluxe,,Ice,,535,71,95,85,110,95,79,Vanilluxe 
709,585,Deerling,,Normal,Grass,335,60,60,50,40,50,75,Deerling 
710,586,Sawsbuck,,Normal,Grass,475,80,100,70,60,70,95,Sawsbuck 
711,587,Emolga,,Electric,Flying,428,55,75,60,75,60,103,Emolga 
712,588,Karrablast,,Bug,,315,50,75,45,40,45,60,Karrablast 
713,589,Escavalier,,Bug,Steel,495,70,135,105,60,105,20,Escavalier 
714,590,Foongus,,Grass,Poison,294,69,55,45,55,55,15,Foongus 
715,591,Amoonguss,,Grass,Poison,464,114,85,70,85,80,30,Amoonguss 
716,592,Frillish,,Water,Ghost,335,55,40,50,65,85,40,Frillish 
717,593,Jellicent,,Water,Ghost,480,100,60,70,85,105,60,Jellicent 
718,594,Alomomola,,Water,,470,165,75,80,40,45,65,Alomomola 
719,595,Joltik,,Bug,Electric,319,50,47,50,57,50,65,Joltik 
720,596,Galvantula,,Bug,Electric,472,70,77,60,97,60,108,Galvantula 
721,597,Ferroseed,,Grass,Steel,305,44,50,91,24,86,10,Ferroseed 
722,598,Ferrothorn,,Grass,Steel,489,74,94,131,54,116,20,Ferrothorn 
723,599,Klink,,Steel,,300,40,55,70,45,60,30,Klink 
724,600,Klang,,Steel,,440,60,80,95,70,85,50,Klang 
725,601,Klinklang,,Steel,,520,60,100,115,70,85,90,Klinklang 
726,602,Tynamo,,Electric,,275,35,55,40,45,40,60,Tynamo 
727,603,Eelektrik,,Electric,,405,65,85,70,75,70,40,Eelektrik 
728,604,Eelektross,,Electric,,515,85,115,80,105,80,50,Eelektross 
729,605,Elgyem,,Psychic,,335,55,55,55,85,55,30,Elgyem 
730,606,Beheeyem,,Psychic,,485,75,75,75,125,95,40,Beheeyem 
731,607,Litwick,,Ghost,Fire,275,50,30,55,65,55,20,Litwick 
732,608,Lampent,,Ghost,Fire,370,60,40,60,95,60,55,Lampent 
733,609,Chandelure,,Ghost,Fire,520,60,55,90,145,90,80,Chandelure 
734,610,Axew,,Dragon,,320,46,87,60,30,40,57,Axew 
735,611,Fraxure,,Dragon,,410,66,117,70,40,50,67,Fraxure 
736,612,Haxorus,,Dragon,,540,76,147,90,60,70,97,Haxorus 
737,613,Cubchoo,,Ice,,305,55,70,40,60,40,40,Cubchoo 
738,614,Beartic,,Ice,,505,95,130,80,70,80,50,Beartic 
739,615,Cryogonal,,Ice,,515,80,50,50,95,135,105,Cryogonal 
740,616,Shelmet,,Bug,,305,50,40,85,40,65,25,Shelmet 
741,617,Accelgor,,Bug,,495,80,70,40,100,60,145,Accelgor 
742,618,Stunfisk,,Ground,Electric,471,109,66,84,81,99,32,Stunfisk 
743,618,Stunfisk,Galarian Stunfisk,Ground,Steel,471,109,81,99,66,84,32,Stunfisk Galarian Stunfisk
744,619,Mienfoo,,Fighting,,350,45,85,50,55,50,65,Mienfoo 
745,620,Mienshao,,Fighting,,510,65,125,60,95,60,105,Mienshao 
746,621,Druddigon,,Dragon,,485,77,120,90,60,90,48,Druddigon 
747,622,Golett,,Ground,Ghost,303,59,74,50,35,50,35,Golett 
748,623,Golurk,,Ground,Ghost,483,89,124,80,55,80,55,Golurk 
749,624,Pawniard,,Dark,Steel,340,45,85,70,40,40,60,Pawniard 
750,625,Bisharp,,Dark,Steel,490,65,125,100,60,70,70,Bisharp 
751,626,Bouffalant,,Normal,,490,95,110,95,40,95,55,Bouffalant 
752,627,Rufflet,,Normal,Flying,350,70,83,50,37,50,60,Rufflet 
753,628,Braviary,,Normal,Flying,510,100,123,75,57,75,80,Braviary 
754,628,Braviary,Hisuian Braviary,Psychic,Flying,510,110,83,70,112,70,65,Braviary Hisuian Braviary
755,629,Vullaby,,Dark,Flying,370,70,55,75,45,65,60,Vullaby 
756,630,Mandibuzz,,Dark,Flying,510,110,65,105,55,95,80,Mandibuzz 
757,631,Heatmor,,Fire,,484,85,97,66,105,66,65,Heatmor 
758,632,Durant,,Bug,Steel,484,58,109,112,48,48,109,Durant 
759,633,Deino,,Dark,Dragon,300,52,65,50,45,50,38,Deino 
760,634,Zweilous,,Dark,Dragon,420,72,85,70,65,70,58,Zweilous 
761,635,Hydreigon,,Dark,Dragon,600,92,105,90,125,90,98,Hydreigon 
762,636,Larvesta,,Bug,Fire,360,55,85,55,50,55,60,Larvesta 
763,637,Volcarona,,Bug,Fire,550,85,60,65,135,105,100,Volcarona 
764,638,Cobalion,,Steel,Fighting,580,91,90,129,90,72,108,Cobalion 
765,639,Terrakion,,Rock,Fighting,580,91,129,90,72,90,108,Terrakion 
766,640,Virizion,,Grass,Fighting,580,91,90,72,90,129,108,Virizion 
767,641,Tornadus,Incarnate Forme,Flying,,580,79,115,70,125,80,111,Tornadus Incarnate Forme
768,641,Tornadus,Therian Forme,Flying,,580,79,100,80,110,90,121,Tornadus Therian Forme
769,642,Thundurus,Incarnate Forme,Electric,Flying,580,79,115,70,125,80,111,Thundurus Incarnate Forme
770,642,Thundurus,Therian Forme,Electric,Flying,580,79,105,70,145,80,101,Thundurus Therian Forme
771,643,Reshiram,,Dragon,Fire,680,100,120,100,150,120,90,Reshiram 
772,644,Zekrom,,Dragon,Electric,680,100,150,120,120,100,90,Zekrom 
773,645,Landorus,Incarnate Forme,Ground,Flying,600,89,125,90,115,80,101,Landorus Incarnate Forme
774,645,Landorus,Therian Forme,Ground,Flying,600,89,145,90,105,80,91,Landorus Therian Forme
775,646,Kyurem,,Dragon,Ice,660,125,130,90,130,90,95,Kyurem 
776,646,Kyurem,White Kyurem,Dragon,Ice,700,125,120,90,170,100,95,Kyurem White Kyurem
777,646,Kyurem,Black Kyurem,Dragon,Ice,700,125,170,100,120,90,95,Kyurem Black Kyurem
778,647,Keldeo,Ordinary Form,Water,Fighting,580,91,72,90,129,90,108,Keldeo Ordinary Form
779,647,Keldeo,Resolute Form,Water,Fighting,580,91,72,90,129,90,108,Keldeo Resolute Form
780,648,Meloetta,Aria Forme,Normal,Psychic,600,100,77,77,128,128,90,Meloetta Aria Forme
781,648,Meloetta,Pirouette Forme,Normal,Fighting,600,100,128,90,77,77,128,Meloetta Pirouette Forme
782,649,Genesect,,Bug,Steel,600,71,120,95,120,95,99,Genesect 
783,650,Chespin,,Grass,,313,56,61,65,48,45,38,Chespin 
784,651,Quilladin,,Grass,,405,61,78,95,56,58,57,Quilladin 
785,652,Chesnaught,,Grass,Fighting,530,88,107,122,74,75,64,Chesnaught 
786,653,Fennekin,,Fire,,307,40,45,40,62,60,60,Fennekin 
787,654,Braixen,,Fire,,409,59,59,58,90,70,73,Braixen 
788,655,Delphox,,Fire,Psychic,534,75,69,72,114,100,104,Delphox 
789,656,Froakie,,Water,,314,41,56,40,62,44,71,Froakie 
790,657,Frogadier,,Water,,405,54,63,52,83,56,97,Frogadier 
791,658,Greninja,,Water,Dark,530,72,95,67,103,71,122,Greninja 
792,658,Greninja,Ash-Greninja,Water,Dark,640,72,145,67,153,71,132,Greninja Ash-Greninja
793,659,Bunnelby,,Normal,,237,38,36,38,32,36,57,Bunnelby 
794,660,Diggersby,,Normal,Ground,423,85,56,77,50,77,78,Diggersby 
795,661,Fletchling,,Normal,Flying,278,45,50,43,40,38,62,Fletchling 
796,662,Fletchinder,,Fire,Flying,382,62,73,55,56,52,84,Fletchinder 
797,663,Talonflame,,Fire,Flying,499,78,81,71,74,69,126,Talonflame 
798,664,Scatterbug,,Bug,,200,38,35,40,27,25,35,Scatterbug 
799,665,Spewpa,,Bug,,213,45,22,60,27,30,29,Spewpa 
800,666,Vivillon,,Bug,Flying,411,80,52,50,90,50,89,Vivillon 
801,667,Litleo,,Fire,Normal,369,62,50,58,73,54,72,Litleo 
802,668,Pyroar,,Fire,Normal,507,86,68,72,109,66,106,Pyroar 
803,669,Flabébé,,Fairy,,303,44,38,39,61,79,42,Flabébé 
804,670,Floette,,Fairy,,371,54,45,47,75,98,52,Floette 
805,671,Florges,,Fairy,,552,78,65,68,112,154,75,Florges 
806,672,Skiddo,,Grass,,350,66,65,48,62,57,52,Skiddo 
807,673,Gogoat,,Grass,,531,123,100,62,97,81,68,Gogoat 
808,674,Pancham,,Fighting,,348,67,82,62,46,48,43,Pancham 
809,675,Pangoro,,Fighting,Dark,495,95,124,78,69,71,58,Pangoro 
810,676,Furfrou,,Normal,,472,75,80,60,65,90,102,Furfrou 
811,677,Espurr,,Psychic,,355,62,48,54,63,60,68,Espurr 
812,678,Meowstic,Male,Psychic,,466,74,48,76,83,81,104,Meowstic Male
813,678,Meowstic,Female,Psychic,,466,74,48,76,83,81,104,Meowstic Female
814,679,Honedge,,Steel,Ghost,325,45,80,100,35,37,28,Honedge 
815,680,Doublade,,Steel,Ghost,448,59,110,150,45,49,35,Doublade 
816,681,Aegislash,Shield Forme,Steel,Ghost,500,60,50,140,50,140,60,Aegislash Shield Forme
817,681,Aegislash,Blade Forme,Steel,Ghost,500,60,140,50,140,50,60,Aegislash Blade Forme
818,682,Spritzee,,Fairy,,341,78,52,60,63,65,23,Spritzee 
819,683,Aromatisse,,Fairy,,462,101,72,72,99,89,29,Aromatisse 
820,684,Swirlix,,Fairy,,341,62,48,66,59,57,49,Swirlix 
821,685,Slurpuff,,Fairy,,480,82,80,86,85,75,72,Slurpuff 
822,686,Inkay,,Dark,Psychic,288,53,54,53,37,46,45,Inkay 
823,687,Malamar,,Dark,Psychic,482,86,92,88,68,75,73,Malamar 
824,688,Binacle,,Rock,Water,306,42,52,67,39,56,50,Binacle 
825,689,Barbaracle,,Rock,Water,500,72,105,115,54,86,68,Barbaracle 
826,690,Skrelp,,Poison,Water,320,50,60,60,60,60,30,Skrelp 
827,691,Dragalge,,Poison,Dragon,494,65,75,90,97,123,44,Dragalge 
828,692,Clauncher,,Water,,330,50,53,62,58,63,44,Clauncher 
829,693,Clawitzer,,Water,,500,71,73,88,120,89,59,Clawitzer 
830,694,Helioptile,,Electric,Normal,289,44,38,33,61,43,70,Helioptile 
831,695,Heliolisk,,Electric,Normal,481,62,55,52,109,94,109,Heliolisk 
832,696,Tyrunt,,Rock,Dragon,362,58,89,77,45,45,48,Tyrunt 
833,697,Tyrantrum,,Rock,Dragon,521,82,121,119,69,59,71,Tyrantrum 
834,698,Amaura,,Rock,Ice,362,77,59,50,67,63,46,Amaura 
835,699,Aurorus,,Rock,Ice,521,123,77,72,99,92,58,Aurorus 
836,700,Sylveon,,Fairy,,525,95,65,65,110,130,60,Sylveon 
837,701,Hawlucha,,Fighting,Flying,500,78,92,75,74,63,118,Hawlucha 
838,702,Dedenne,,Electric,Fairy,431,67,58,57,81,67,101,Dedenne 
839,703,Carbink,,Rock,Fairy,500,50,50,150,50,150,50,Carbink 
840,704,Goomy,,Dragon,,300,45,50,35,55,75,40,Goomy 
841,705,Sliggoo,,Dragon,,452,68,75,53,83,113,60,Sliggoo 
842,705,Sliggoo,Hisuian Sliggoo,Steel,Dragon,452,58,75,83,83,113,40,Sliggoo Hisuian Sliggoo
843,706,Goodra,,Dragon,,600,90,100,70,110,150,80,Goodra 
844,706,Goodra,Hisuian Goodra,Steel,Dragon,600,80,100,100,110,150,60,Goodra Hisuian Goodra
845,707,Klefki,,Steel,Fairy,470,57,80,91,80,87,75,Klefki 
846,708,Phantump,,Ghost,Grass,309,43,70,48,50,60,38,Phantump 
847,709,Trevenant,,Ghost,Grass,474,85,110,76,65,82,56,Trevenant 
848,710,Pumpkaboo,Average Size,Ghost,Grass,335,49,66,70,44,55,51,Pumpkaboo Average Size
849,710,Pumpkaboo,Small Size,Ghost,Grass,335,44,66,70,44,55,56,Pumpkaboo Small Size
850,710,Pumpkaboo,Large Size,Ghost,Grass,335,54,66,70,44,55,46,Pumpkaboo Large Size
851,710,Pumpkaboo,Super Size,Ghost,Grass,335,59,66,70,44,55,41,Pumpkaboo Super Size
852,711,Gourgeist,Average Size,Ghost,Grass,494,65,90,122,58,75,84,Gourgeist Average Size
853,711,Gourgeist,Small Size,Ghost,Grass,494,55,85,122,58,75,99,Gourgeist Small Size
854,711,Gourgeist,Large Size,Ghost,Grass,494,75,95,122,58,75,69,Gourgeist Large Size
855,711,Gourgeist,Super Size,Ghost,Grass,494,85,100,122,58,75,54,Gourgeist Super Size
856,712,Bergmite,,Ice,,304,55,69,85,32,35,28,Bergmite 
857,713,Avalugg,,Ice,,514,95,117,184,44,46,28,Avalugg 
858,713,Avalugg,Hisuian Avalugg,Ice,Rock,514,95,127,184,34,36,38,Avalugg Hisuian Avalugg
859,714,Noibat,,Flying,Dragon,245,40,30,35,45,40,55,Noibat 
860,715,Noivern,,Flying,Dragon,535,85,70,80,97,80,123,Noivern 
861,716,Xerneas,,Fairy,,680,126,131,95,131,98,99,Xerneas 
862,717,Yveltal,,Dark,Flying,680,126,131,95,131,98,99,Yveltal 
863,718,Zygarde,50% Forme,Dragon,Ground,600,108,100,121,81,95,95,Zygarde 50% Forme
864,718,Zygarde,10% Forme,Dragon,Ground,486,54,100,71,61,85,115,Zygarde 10% Forme
865,718,Zygarde,Complete Forme,Dragon,Ground,708,216,100,121,91,95,85,Zygarde Complete Forme
866,719,Diancie,,Rock,Fairy,600,50,100,150,100,150,50,Diancie 
867,719,Diancie,Mega Diancie,Rock,Fairy,700,50,160,110,160,110,110,Diancie Mega Diancie
868,720,Hoopa,Hoopa Confined,Psychic,Ghost,600,80,110,60,150,130,70,Hoopa Hoopa Confined
869,720,Hoopa,Hoopa Unbound,Psychic,Dark,680,80,160,60,170,130,80,Hoopa Hoopa Unbound
870,721,Volcanion,,Fire,Water,600,80,110,120,130,90,70,Volcanion 
871,722,Rowlet,,Grass,Flying,320,68,55,55,50,50,42,Rowlet 
872,723,Dartrix,,Grass,Flying,420,78,75,75,70,70,52,Dartrix 
873,724,Decidueye,,Grass,Ghost,530,78,107,75,100,100,70,Decidueye 
874,724,Decidueye,Hisuian Decidueye,Grass,Fighting,530,88,112,80,95,95,60,Decidueye Hisuian Decidueye
875,725,Litten,,Fire,,320,45,65,40,60,40,70,Litten 
876,726,Torracat,,Fire,,420,65,85,50,80,50,90,Torracat 
877,727,Incineroar,,Fire,Dark,530,95,115,90,80,90,60,Incineroar 
878,728,Popplio,,Water,,320,50,54,54,66,56,40,Popplio 
879,729,Brionne,,Water,,420,60,69,69,91,81,50,Brionne 
880,730,Primarina,,Water,Fairy,530,80,74,74,126,116,60,Primarina 
881,731,Pikipek,,Normal,Flying,265,35,75,30,30,30,65,Pikipek 
882,732,Trumbeak,,Normal,Flying,355,55,85,50,40,50,75,Trumbeak 
883,733,Toucannon,,Normal,Flying,485,80,120,75,75,75,60,Toucannon 
884,734,Yungoos,,Normal,,253,48,70,30,30,30,45,Yungoos 
885,735,Gumshoos,,Normal,,418,88,110,60,55,60,45,Gumshoos 
886,736,Grubbin,,Bug,,300,47,62,45,55,45,46,Grubbin 
887,737,Charjabug,,Bug,Electric,400,57,82,95,55,75,36,Charjabug 
888,738,Vikavolt,,Bug,Electric,500,77,70,90,145,75,43,Vikavolt 
889,739,Crabrawler,,Fighting,,338,47,82,57,42,47,63,Crabrawler 
890,740,Crabominable,,Fighting,Ice,478,97,132,77,62,67,43,Crabominable 
891,741,Oricorio,Baile Style,Fire,Flying,476,75,70,70,98,70,93,Oricorio Baile Style
892,741,Oricorio,Pom-Pom Style,Electric,Flying,476,75,70,70,98,70,93,Oricorio Pom-Pom Style
893,741,Oricorio,Pa'u Style,Psychic,Flying,476,75,70,70,98,70,93,Oricorio Pa'u Style
894,741,Oricorio,Sensu Style,Ghost,Flying,476,75,70,70,98,70,93,Oricorio Sensu Style
895,742,Cutiefly,,Bug,Fairy,304,40,45,40,55,40,84,Cutiefly 
896,743,Ribombee,,Bug,Fairy,464,60,55,60,95,70,124,Ribombee 
897,744,Rockruff,,Rock,,280,45,65,40,30,40,60,Rockruff 
898,744,Rockruff,Own Tempo Rockruff,Rock,,280,45,65,40,30,40,60,Rockruff Own Tempo Rockruff
899,745,Lycanroc,Midday Form,Rock,,487,75,115,65,55,65,112,Lycanroc Midday Form
900,745,Lycanroc,Midnight Form,Rock,,487,85,115,75,55,75,82,Lycanroc Midnight Form
901,745,Lycanroc,Dusk Form,Rock,,487,75,117,65,55,65,110,Lycanroc Dusk Form
902,746,Wishiwashi,Solo Form,Water,,175,45,20,20,25,25,40,Wishiwashi Solo Form
903,746,Wishiwashi,School Form,Water,,620,45,140,130,140,135,30,Wishiwashi School Form
904,747,Mareanie,,Poison,Water,305,50,53,62,43,52,45,Mareanie 
905,748,Toxapex,,Poison,Water,495,50,63,152,53,142,35,Toxapex 
906,749,Mudbray,,Ground,,385,70,100,70,45,55,45,Mudbray 
907,750,Mudsdale,,Ground,,500,100,125,100,55,85,35,Mudsdale 
908,751,Dewpider,,Water,Bug,269,38,40,52,40,72,27,Dewpider 
909,752,Araquanid,,Water,Bug,454,68,70,92,50,132,42,Araquanid 
910,753,Fomantis,,Grass,,250,40,55,35,50,35,35,Fomantis 
911,754,Lurantis,,Grass,,480,70,105,90,80,90,45,Lurantis 
912,755,Morelull,,Grass,Fairy,285,40,35,55,65,75,15,Morelull 
913,756,Shiinotic,,Grass,Fairy,405,60,45,80,90,100,30,Shiinotic 
914,757,Salandit,,Poison,Fire,320,48,44,40,71,40,77,Salandit 
915,758,Salazzle,,Poison,Fire,480,68,64,60,111,60,117,Salazzle 
916,759,Stufful,,Normal,Fighting,340,70,75,50,45,50,50,Stufful 
917,760,Bewear,,Normal,Fighting,500,120,125,80,55,60,60,Bewear 
918,761,Bounsweet,,Grass,,210,42,30,38,30,38,32,Bounsweet 
919,762,Steenee,,Grass,,290,52,40,48,40,48,62,Steenee 
920,763,Tsareena,,Grass,,510,72,120,98,50,98,72,Tsareena 
921,764,Comfey,,Fairy,,485,51,52,90,82,110,100,Comfey 
922,765,Oranguru,,Normal,Psychic,490,90,60,80,90,110,60,Oranguru 
923,766,Passimian,,Fighting,,490,100,120,90,40,60,80,Passimian 
924,767,Wimpod,,Bug,Water,230,25,35,40,20,30,80,Wimpod 
925,768,Golisopod,,Bug,Water,530,75,125,140,60,90,40,Golisopod 
926,769,Sandygast,,Ghost,Ground,320,55,55,80,70,45,15,Sandygast 
927,770,Palossand,,Ghost,Ground,480,85,75,110,100,75,35,Palossand 
928,771,Pyukumuku,,Water,,410,55,60,130,30,130,5,Pyukumuku 
929,772,Type: Null,,Normal,,534,95,95,95,95,95,59,Type: Null 
930,773,Silvally,,Normal,,570,95,95,95,95,95,95,Silvally 
931,774,Minior,Meteor Form,Rock,Flying,440,60,60,100,60,100,60,Minior Meteor Form
932,774,Minior,Core Form,Rock,Flying,500,60,100,60,100,60,120,Minior Core Form
933,775,Komala,,Normal,,480,65,115,65,75,95,65,Komala 
934,776,Turtonator,,Fire,Dragon,485,60,78,135,91,85,36,Turtonator 
935,777,Togedemaru,,Electric,Steel,435,65,98,63,40,73,96,Togedemaru 
936,778,Mimikyu,,Ghost,Fairy,476,55,90,80,50,105,96,Mimikyu 
937,779,Bruxish,,Water,Psychic,475,68,105,70,70,70,92,Bruxish 
938,780,Drampa,,Normal,Dragon,485,78,60,85,135,91,36,Drampa 
939,781,Dhelmise,,Ghost,Grass,517,70,131,100,86,90,40,Dhelmise 
940,782,Jangmo-o,,Dragon,,300,45,55,65,45,45,45,Jangmo-o 
941,783,Hakamo-o,,Dragon,Fighting,420,55,75,90,65,70,65,Hakamo-o 
942,784,Kommo-o,,Dragon,Fighting,600,75,110,125,100,105,85,Kommo-o 
943,785,Tapu Koko,,Electric,Fairy,570,70,115,85,95,75,130,Tapu Koko 
944,786,Tapu Lele,,Psychic,Fairy,570,70,85,75,130,115,95,Tapu Lele 
945,787,Tapu Bulu,,Grass,Fairy,570,70,130,115,85,95,75,Tapu Bulu 
946,788,Tapu Fini,,Water,Fairy,570,70,75,115,95,130,85,Tapu Fini 
947,789,Cosmog,,Psychic,,200,43,29,31,29,31,37,Cosmog 
948,790,Cosmoem,,Psychic,,400,43,29,131,29,131,37,Cosmoem 
949,791,Solgaleo,,Psychic,Steel,680,137,137,107,113,89,97,Solgaleo 
950,792,Lunala,,Psychic,Ghost,680,137,113,89,137,107,97,Lunala 
951,793,Nihilego,,Rock,Poison,570,109,53,47,127,131,103,Nihilego 
952,794,Buzzwole,,Bug,Fighting,570,107,139,139,53,53,79,Buzzwole 
953,795,Pheromosa,,Bug,Fighting,570,71,137,37,137,37,151,Pheromosa 
954,796,Xurkitree,,Electric,,570,83,89,71,173,71,83,Xurkitree 
955,797,Celesteela,,Steel,Flying,570,97,101,103,107,101,61,Celesteela 
956,798,Kartana,,Grass,Steel,570,59,181,131,59,31,109,Kartana 
957,799,Guzzlord,,Dark,Dragon,570,223,101,53,97,53,43,Guzzlord 
958,800,Necrozma,,Psychic,,600,97,107,101,127,89,79,Necrozma 
959,800,Necrozma,Dusk Mane Necrozma,Psychic,Steel,680,97,157,127,113,109,77,Necrozma Dusk Mane Necrozma
960,800,Necrozma,Dawn Wings Necrozma,Psychic,Ghost,680,97,113,109,157,127,77,Necrozma Dawn Wings Necrozma
961,800,Necrozma,Ultra Necrozma,Psychic,Dragon,754,97,167,97,167,97,129,Necrozma Ultra Necrozma
962,801,Magearna,,Steel,Fairy,600,80,95,115,130,115,65,Magearna 
963,802,Marshadow,,Fighting,Ghost,600,90,125,80,90,90,125,Marshadow 
964,803,Poipole,,Poison,,420,67,73,67,73,67,73,Poipole 
965,804,Naganadel,,Poison,Dragon,540,73,73,73,127,73,121,Naganadel 
966,805,Stakataka,,Rock,Steel,570,61,131,211,53,101,13,Stakataka 
967,806,Blacephalon,,Fire,Ghost,570,53,127,53,151,79,107,Blacephalon 
968,807,Zeraora,,Electric,,600,88,112,75,102,80,143,Zeraora 
969,808,Meltan,,Steel,,300,46,65,65,55,35,34,Meltan 
970,809,Melmetal,,Steel,,600,135,143,143,80,65,34,Melmetal 
971,810,Grookey,,Grass,,310,50,65,50,40,40,65,Grookey 
972,811,Thwackey,,Grass,,420,70,85,70,55,60,80,Thwackey 
973,812,Rillaboom,,Grass,,530,100,125,90,60,70,85,Rillaboom 
974,813,Scorbunny,,Fire,,310,50,71,40,40,40,69,Scorbunny 
975,814,Raboot,,Fire,,420,65,86,60,55,60,94,Raboot 
976,815,Cinderace,,Fire,,530,80,116,75,65,75,119,Cinderace 
977,816,Sobble,,Water,,310,50,40,40,70,40,70,Sobble 
978,817,Drizzile,,Water,,420,65,60,55,95,55,90,Drizzile 
979,818,Inteleon,,Water,,530,70,85,65,125,65,120,Inteleon 
980,819,Skwovet,,Normal,,275,70,55,55,35,35,25,Skwovet 
981,820,Greedent,,Normal,,460,120,95,95,55,75,20,Greedent 
982,821,Rookidee,,Flying,,245,38,47,35,33,35,57,Rookidee 
983,822,Corvisquire,,Flying,,365,68,67,55,43,55,77,Corvisquire 
984,823,Corviknight,,Flying,Steel,495,98,87,105,53,85,67,Corviknight 
985,824,Blipbug,,Bug,,180,25,20,20,25,45,45,Blipbug 
986,825,Dottler,,Bug,Psychic,335,50,35,80,50,90,30,Dottler 
987,826,Orbeetle,,Bug,Psychic,505,60,45,110,80,120,90,Orbeetle 
988,827,Nickit,,Dark,,245,40,28,28,47,52,50,Nickit 
989,828,Thievul,,Dark,,455,70,58,58,87,92,90,Thievul 
990,829,Gossifleur,,Grass,,250,40,40,60,40,60,10,Gossifleur 
991,830,Eldegoss,,Grass,,460,60,50,90,80,120,60,Eldegoss 
992,831,Wooloo,,Normal,,270,42,40,55,40,45,48,Wooloo 
993,832,Dubwool,,Normal,,490,72,80,100,60,90,88,Dubwool 
994,833,Chewtle,,Water,,284,50,64,50,38,38,44,Chewtle 
995,834,Drednaw,,Water,Rock,485,90,115,90,48,68,74,Drednaw 
996,835,Yamper,,Electric,,270,59,45,50,40,50,26,Yamper 
997,836,Boltund,,Electric,,490,69,90,60,90,60,121,Boltund 
998,837,Rolycoly,,Rock,,240,30,40,50,40,50,30,Rolycoly 
999,838,Carkol,,Rock,Fire,410,80,60,90,60,70,50,Carkol 
1000,839,Coalossal,,Rock,Fire,510,110,80,120,80,90,30,Coalossal 
1001,840,Applin,,Grass,Dragon,260,40,40,80,40,40,20,Applin 
1002,841,Flapple,,Grass,Dragon,485,70,110,80,95,60,70,Flapple 
1003,842,Appletun,,Grass,Dragon,485,110,85,80,100,80,30,Appletun 
1004,843,Silicobra,,Ground,,315,52,57,75,35,50,46,Silicobra 
1005,844,Sandaconda,,Ground,,510,72,107,125,65,70,71,Sandaconda 
1006,845,Cramorant,,Flying,Water,475,70,85,55,85,95,85,Cramorant 
1007,846,Arrokuda,,Water,,280,41,63,40,40,30,66,Arrokuda 
1008,847,Barraskewda,,Water,,490,61,123,60,60,50,136,Barraskewda 
1009,848,Toxel,,Electric,Poison,242,40,38,35,54,35,40,Toxel 
1010,849,Toxtricity,Amped Form,Electric,Poison,502,75,98,70,114,70,75,Toxtricity Amped Form
1011,849,Toxtricity,Low Key Form,Electric,Poison,502,75,98,70,114,70,75,Toxtricity Low Key Form
1012,850,Sizzlipede,,Fire,Bug,305,50,65,45,50,50,45,Sizzlipede 
1013,851,Centiskorch,,Fire,Bug,525,100,115,65,90,90,65,Centiskorch 
1014,852,Clobbopus,,Fighting,,310,50,68,60,50,50,32,Clobbopus 
1015,853,Grapploct,,Fighting,,480,80,118,90,70,80,42,Grapploct 
1016,854,Sinistea,,Ghost,,308,40,45,45,74,54,50,Sinistea 
1017,855,Polteageist,,Ghost,,508,60,65,65,134,114,70,Polteageist 
1018,856,Hatenna,,Psychic,,265,42,30,45,56,53,39,Hatenna 
1019,857,Hattrem,,Psychic,,370,57,40,65,86,73,49,Hattrem 
1020,858,Hatterene,,Psychic,Fairy,510,57,90,95,136,103,29,Hatterene 
1021,859,Impidimp,,Dark,Fairy,265,45,45,30,55,40,50,Impidimp 
1022,860,Morgrem,,Dark,Fairy,370,65,60,45,75,55,70,Morgrem 
1023,861,Grimmsnarl,,Dark,Fairy,510,95,120,65,95,75,60,Grimmsnarl 
1024,862,Obstagoon,,Dark,Normal,520,93,90,101,60,81,95,Obstagoon 
1025,863,Perrserker,,Steel,,440,70,110,100,50,60,50,Perrserker 
1026,864,Cursola,,Ghost,,510,60,95,50,145,130,30,Cursola 
1027,865,Sirfetch'd,,Fighting,,507,62,135,95,68,82,65,Sirfetch'd 
1028,866,Mr. Rime,,Ice,Psychic,520,80,85,75,110,100,70,Mr. Rime 
1029,867,Runerigus,,Ground,Ghost,483,58,95,145,50,105,30,Runerigus 
1030,868,Milcery,,Fairy,,270,45,40,40,50,61,34,Milcery 
1031,869,Alcremie,,Fairy,,495,65,60,75,110,121,64,Alcremie 
1032,870,Falinks,,Fighting,,470,65,100,100,70,60,75,Falinks 
1033,871,Pincurchin,,Electric,,435,48,101,95,91,85,15,Pincurchin 
1034,872,Snom,,Ice,Bug,185,30,25,35,45,30,20,Snom 
1035,873,Frosmoth,,Ice,Bug,475,70,65,60,125,90,65,Frosmoth 
1036,874,Stonjourner,,Rock,,470,100,125,135,20,20,70,Stonjourner 
1037,875,Eiscue,Ice Face,Ice,,470,75,80,110,65,90,50,Eiscue Ice Face
1038,875,Eiscue,Noice Face,Ice,,470,75,80,70,65,50,130,Eiscue Noice Face
1039,876,Indeedee,Male,Psychic,Normal,475,60,65,55,105,95,95,Indeedee Male
1040,876,Indeedee,Female,Psychic,Normal,475,70,55,65,95,105,85,Indeedee Female
1041,877,Morpeko,Full Belly Mode,Electric,Dark,436,58,95,58,70,58,97,Morpeko Full Belly Mode
1042,877,Morpeko,Hangry Mode,Electric,Dark,436,58,95,58,70,58,97,Morpeko Hangry Mode
1043,878,Cufant,,Steel,,330,72,80,49,40,49,40,Cufant 
1044,879,Copperajah,,Steel,,500,122,130,69,80,69,30,Copperajah 
1045,880,Dracozolt,,Electric,Dragon,505,90,100,90,80,70,75,Dracozolt 
1046,881,Arctozolt,,Electric,Ice,505,90,100,90,90,80,55,Arctozolt 
1047,882,Dracovish,,Water,Dragon,505,90,90,100,70,80,75,Dracovish 
1048,883,Arctovish,,Water,Ice,505,90,90,100,80,90,55,Arctovish 
1049,884,Duraludon,,Steel,Dragon,535,70,95,115,120,50,85,Duraludon 
1050,885,Dreepy,,Dragon,Ghost,270,28,60,30,40,30,82,Dreepy 
1051,886,Drakloak,,Dragon,Ghost,410,68,80,50,60,50,102,Drakloak 
1052,887,Dragapult,,Dragon,Ghost,600,88,120,75,100,75,142,Dragapult 
1053,888,Zacian,Hero of Many Battles,Fairy,,660,92,120,115,80,115,138,Zacian Hero of Many Battles
1054,888,Zacian,Crowned Sword,Fairy,Steel,700,92,150,115,80,115,148,Zacian Crowned Sword
1055,889,Zamazenta,Hero of Many Battles,Fighting,,660,92,120,115,80,115,138,Zamazenta Hero of Many Battles
1056,889,Zamazenta,Crowned Shield,Fighting,Steel,700,92,120,140,80,140,128,Zamazenta Crowned Shield
1057,890,Eternatus,,Poison,Dragon,690,140,85,95,145,95,130,Eternatus 
1058,890,Eternatus,Eternamax,Poison,Dragon,1125,255,115,250,125,250,130,Eternatus Eternamax
1059,891,Kubfu,,Fighting,,385,60,90,60,53,50,72,Kubfu 
1060,892,Urshifu,Single Strike Style,Fighting,Dark,550,100,130,100,63,60,97,Urshifu Single Strike Style
1061,892,Urshifu,Rapid Strike Style,Fighting,Water,550,100,130,100,63,60,97,Urshifu Rapid Strike Style
1062,893,Zarude,,Dark,Grass,600,105,120,105,70,95,105,Zarude 
1063,894,Regieleki,,Electric,,580,80,100,50,100,50,200,Regieleki 
1064,895,Regidrago,,Dragon,,580,200,100,50,100,50,80,Regidrago 
1065,896,Glastrier,,Ice,,580,100,145,130,65,110,30,Glastrier 
1066,897,Spectrier,,Ghost,,580,100,65,60,145,80,130,Spectrier 
1067,898,Calyrex,,Psychic,Grass,500,100,80,80,80,80,80,Calyrex 
1068,898,Calyrex,Ice Rider,Psychic,Ice,680,100,165,150,85,130,50,Calyrex Ice Rider
1069,898,Calyrex,Shadow Rider,Psychic,Ghost,680,100,85,80,165,100,150,Calyrex Shadow Rider
1070,899,Wyrdeer,,Normal,Psychic,525,103,105,72,105,75,65,Wyrdeer 
1071,900,Kleavor,,Bug,Rock,500,70,130,95,45,75,85,Kleavor 
1072,901,Ursaluna,,Ground,Normal,550,130,140,105,45,80,50,Ursaluna 
1073,902,Basculegion,Male,Water,Ghost,530,120,112,65,80,75,78,Basculegion Male
1074,902,Basculegion,Female,Water,Ghost,530,120,92,65,100,75,78,Basculegion Female
1075,903,Sneasler,,Poison,Fighting,510,80,130,60,40,80,120,Sneasler 
1076,904,Overqwil,,Dark,Poison,510,85,115,95,65,65,85,Overqwil 
1077,905,Enamorus,Incarnate Forme,Fairy,Flying,580,74,115,70,135,80,106,Enamorus Incarnate Forme
1078,905,Enamorus,Therian Forme,Fairy,Flying,580,74,115,110,135,100,46,Enamorus Therian Forme
1079,906,Sprigatito,,Grass,,310,40,61,54,45,45,65,Sprigatito 
1080,907,Floragato,,Grass,,410,61,80,63,60,63,83,Floragato 
1081,908,Meowscarada,,Grass,Dark,530,76,110,70,81,70,123,Meowscarada 
1082,909,Fuecoco,,Fire,,310,67,45,59,63,40,36,Fuecoco 
1083,910,Crocalor,,Fire,,411,81,55,78,90,58,49,Crocalor 
1084,911,Skeledirge,,Fire,Ghost,530,104,75,100,110,75,66,Skeledirge 
1085,912,Quaxly,,Water,,310,55,65,45,50,45,50,Quaxly 
1086,913,Quaxwell,,Water,,410,70,85,65,65,60,65,Quaxwell 
1087,914,Quaquaval,,Water,Fighting,530,85,120,80,85,75,85,Quaquaval 
1088,915,Lechonk,,Normal,,254,54,45,40,35,45,35,Lechonk 
1089,916,Oinkologne,Male,Normal,,489,110,100,75,59,80,65,Oinkologne Male
1090,916,Oinkologne,Female,Normal,,489,115,90,70,59,90,65,Oinkologne Female
1091,917,Tarountula,,Bug,,210,35,41,45,29,40,20,Tarountula 
1092,918,Spidops,,Bug,,404,60,79,92,52,86,35,Spidops 
1093,919,Nymble,,Bug,,210,33,46,40,21,25,45,Nymble 
1094,920,Lokix,,Bug,Dark,450,71,102,78,52,55,92,Lokix 
1095,921,Pawmi,,Electric,,240,45,50,20,40,25,60,Pawmi 
1096,922,Pawmo,,Electric,Fighting,350,60,75,40,50,40,85,Pawmo 
1097,923,Pawmot,,Electric,Fighting,490,70,115,70,70,60,105,Pawmot 
1098,924,Tandemaus,,Normal,,305,50,50,45,40,45,75,Tandemaus 
1099,925,Maushold,Family of Three,Normal,,470,74,75,70,65,75,111,Maushold Family of Three
1100,925,Maushold,Family of Four,Normal,,470,74,75,70,65,75,111,Maushold Family of Four
1101,926,Fidough,,Fairy,,312,37,55,70,30,55,65,Fidough 
1102,927,Dachsbun,,Fairy,,477,57,80,115,50,80,95,Dachsbun 
1103,928,Smoliv,,Grass,Normal,260,41,35,45,58,51,30,Smoliv 
1104,929,Dolliv,,Grass,Normal,354,52,53,60,78,78,33,Dolliv 
1105,930,Arboliva,,Grass,Normal,510,78,69,90,125,109,39,Arboliva 
1106,931,Squawkabilly,Green Plumage,Normal,Flying,417,82,96,51,45,51,92,Squawkabilly Green Plumage
1107,931,Squawkabilly,Blue Plumage,Normal,Flying,417,82,96,51,45,51,92,Squawkabilly Blue Plumage
1108,931,Squawkabilly,Yellow Plumage,Normal,Flying,417,82,96,51,45,51,92,Squawkabilly Yellow Plumage
1109,931,Squawkabilly,White Plumage,Normal,Flying,417,82,96,51,45,51,92,Squawkabilly White Plumage
1110,932,Nacli,,Rock,,280,55,55,75,35,35,25,Nacli 
1111,933,Naclstack,,Rock,,355,60,60,100,35,65,35,Naclstack 
1112,934,Garganacl,,Rock,,500,100,100,130,45,90,35,Garganacl 
1113,935,Charcadet,,Fire,,255,40,50,40,50,40,35,Charcadet 
1114,936,Armarouge,,Fire,Psychic,525,85,60,100,125,80,75,Armarouge 
1115,937,Ceruledge,,Fire,Ghost,525,75,125,80,60,100,85,Ceruledge 
1116,938,Tadbulb,,Electric,,272,61,31,41,59,35,45,Tadbulb 
1117,939,Bellibolt,,Electric,,495,109,64,91,103,83,45,Bellibolt 
1118,940,Wattrel,,Electric,Flying,280,40,40,35,55,40,70,Wattrel 
1119,941,Kilowattrel,,Electric,Flying,490,70,70,60,105,60,125,Kilowattrel 
1120,942,Maschiff,,Dark,,340,60,78,60,40,51,51,Maschiff 
1121,943,Mabosstiff,,Dark,,505,80,120,90,60,70,85,Mabosstiff 
1122,944,Shroodle,,Poison,Normal,290,40,65,35,40,35,75,Shroodle 
1123,945,Grafaiai,,Poison,Normal,485,63,95,65,80,72,110,Grafaiai 
1124,946,Bramblin,,Grass,Ghost,275,40,65,30,45,35,60,Bramblin 
1125,947,Brambleghast,,Grass,Ghost,480,55,115,70,80,70,90,Brambleghast 
1126,948,Toedscool,,Ground,Grass,335,40,40,35,50,100,70,Toedscool 
1127,949,Toedscruel,,Ground,Grass,515,80,70,65,80,120,100,Toedscruel 
1128,950,Klawf,,Rock,,450,70,100,115,35,55,75,Klawf 
1129,951,Capsakid,,Grass,,304,50,62,40,62,40,50,Capsakid 
1130,952,Scovillain,,Grass,Fire,486,65,108,65,108,65,75,Scovillain 
1131,953,Rellor,,Bug,,270,41,50,60,31,58,30,Rellor 
1132,954,Rabsca,,Bug,Psychic,470,75,50,85,115,100,45,Rabsca 
1133,955,Flittle,,Psychic,,255,30,35,30,55,30,75,Flittle 
1134,956,Espathra,,Psychic,,481,95,60,60,101,60,105,Espathra 
1135,957,Tinkatink,,Fairy,Steel,297,50,45,45,35,64,58,Tinkatink 
1136,958,Tinkatuff,,Fairy,Steel,380,65,55,55,45,82,78,Tinkatuff 
1137,959,Tinkaton,,Fairy,Steel,506,85,75,77,70,105,94,Tinkaton 
1138,960,Wiglett,,Water,,245,10,55,25,35,25,95,Wiglett 
1139,961,Wugtrio,,Water,,425,35,100,50,50,70,120,Wugtrio 
1140,962,Bombirdier,,Flying,Dark,485,70,103,85,60,85,82,Bombirdier 
1141,963,Finizen,,Water,,315,70,45,40,45,40,75,Finizen 
1142,964,Palafin,Zero Form,Water,,457,100,70,72,53,62,100,Palafin Zero Form
1143,964,Palafin,Hero Form,Water,,650,100,160,97,106,87,100,Palafin Hero Form
1144,965,Varoom,,Steel,Poison,300,45,70,63,30,45,47,Varoom 
1145,966,Revavroom,,Steel,Poison,500,80,119,90,54,67,90,Revavroom 
1146,967,Cyclizar,,Dragon,Normal,501,70,95,65,85,65,121,Cyclizar 
1147,968,Orthworm,,Steel,,480,70,85,145,60,55,65,Orthworm 
1148,969,Glimmet,,Rock,Poison,350,48,35,42,105,60,60,Glimmet 
1149,970,Glimmora,,Rock,Poison,525,83,55,90,130,81,86,Glimmora 
1150,971,Greavard,,Ghost,,290,50,61,60,30,55,34,Greavard 
1151,972,Houndstone,,Ghost,,488,72,101,100,50,97,68,Houndstone 
1152,973,Flamigo,,Flying,Fighting,500,82,115,74,75,64,90,Flamigo 
1153,974,Cetoddle,,Ice,,334,108,68,45,30,40,43,Cetoddle 
1154,975,Cetitan,,Ice,,521,170,113,65,45,55,73,Cetitan 
1155,976,Veluza,,Water,Psychic,478,90,102,73,78,65,70,Veluza 
1156,977,Dondozo,,Water,,530,150,100,115,65,65,35,Dondozo 
1157,978,Tatsugiri,,Dragon,Water,475,68,50,60,120,95,82,Tatsugiri 
1158,979,Annihilape,,Fighting,Ghost,535,110,115,80,50,90,90,Annihilape 
1159,980,Clodsire,,Poison,Ground,430,130,75,60,45,100,20,Clodsire 
1160,981,Farigiraf,,Normal,Psychic,520,120,90,70,110,70,60,Farigiraf 
1161,982,Dudunsparce,Two-Segment Form,Normal,,520,125,100,80,85,75,55,Dudunsparce Two-Segment Form
1162,982,Dudunsparce,Three-Segment Form,Normal,,520,125,100,80,85,75,55,Dudunsparce Three-Segment Form
1163,983,Kingambit,,Dark,Steel,550,100,135,120,60,85,50,Kingambit 
1164,984,Great Tusk,,Ground,Fighting,570,115,131,131,53,53,87,Great Tusk 
1165,985,Scream Tail,,Fairy,Psychic,570,115,65,99,65,115,111,Scream Tail 
1166,986,Brute Bonnet,,Grass,Dark,570,111,127,99,79,99,55,Brute Bonnet 
1167,987,Flutter Mane,,Ghost,Fairy,570,55,55,55,135,135,135,Flutter Mane 
1168,988,Slither Wing,,Bug,Fighting,570,85,135,79,85,105,81,Slither Wing 
1169,989,Sandy Shocks,,Electric,Ground,570,85,81,97,121,85,101,Sandy Shocks 
1170,990,Iron Treads,,Ground,Steel,570,90,112,120,72,70,106,Iron Treads 
1171,991,Iron Bundle,,Ice,Water,570,56,80,114,124,60,136,Iron Bundle 
1172,992,Iron Hands,,Fighting,Electric,570,154,140,108,50,68,50,Iron Hands 
1173,993,Iron Jugulis,,Dark,Flying,570,94,80,86,122,80,108,Iron Jugulis 
1174,994,Iron Moth,,Fire,Poison,570,80,70,60,140,110,110,Iron Moth 
1175,995,Iron Thorns,,Rock,Electric,570,100,134,110,70,84,72,Iron Thorns 
1176,996,Frigibax,,Dragon,Ice,320,65,75,45,35,45,55,Frigibax 
1177,997,Arctibax,,Dragon,Ice,423,90,95,66,45,65,62,Arctibax 
1178,998,Baxcalibur,,Dragon,Ice,600,115,145,92,75,86,87,Baxcalibur 
1179,999,Gimmighoul,Chest Form,Ghost,,300,45,30,70,75,70,10,Gimmighoul Chest Form
1180,999,Gimmighoul,Roaming Form,Ghost,,300,45,30,25,75,45,80,Gimmighoul Roaming Form
1181,1000,Gholdengo,,Steel,Ghost,550,87,60,95,133,91,84,Gholdengo 
1182,1001,Wo-Chien,,Dark,Grass,570,85,85,100,95,135,70,Wo-Chien 
1183,1002,Chien-Pao,,Dark,Ice,570,80,120,80,90,65,135,Chien-Pao 
1184,1003,Ting-Lu,,Dark,Ground,570,155,110,125,55,80,45,Ting-Lu 
1185,1004,Chi-Yu,,Dark,Fire,570,55,80,80,135,120,100,Chi-Yu 
1186,1005,Roaring Moon,,Dragon,Dark,590,105,139,71,55,101,119,Roaring Moon 
1187,1006,Iron Valiant,,Fairy,Fighting,590,74,130,90,120,60,116,Iron Valiant 
1188,1007,Koraidon,,Fighting,Dragon,670,100,135,115,85,100,135,Koraidon 
1189,1008,Miraidon,,Electric,Dragon,670,100,85,100,135,115,135,Miraidon 
